symbol,isin,crossed_below_zero,crossover_date,current_price
ABB.NS,INE117A01022,False,,7130.5
ADANIENSOL.NS,INE931S01010,False,,1386.8000488281
ADANIENT.NS,INE423A01024,True,2026-09-09T00:00:00.000,2923.1999511719
ADANIGREEN.NS,INE364U01010,False,,1274.1999511719
ADANIPORTS.NS,INE742F01042,False,,1738.3000488281
ADANIPOWER.NS,INE814H01029,False,,205.9199981689
AMBUJACEM.NS,INE079A01024,False,,383.25
APOLLOHOSP.NS,INE437A01024,False,,8768.5
ASIANPAINT.NS,INE021A01026,False,,2454.0
DMART.NS,INE192R01011,False,,3711.1999511719
AXISBANK.NS,INE238A01034,False,,1240.0
BAJAJ-AUTO.NS,INE917I01010,False,,11500.0
BAJFINANCE.NS,INE296A01032,False,,1015.0
BAJAJFINSV.NS,INE918I01026,False,,1859.1999511719
BAJAJHLDNG.NS,INE118A01012,False,,11010.0
BANKBARODA.NS,INE028A01039,True,2026-09-14T00:00:00.000,232.3000030518
BEL.NS,INE263A01024,False,,395.450012207
BPCL.NS,INE029A01011,False,,307.0
BHARTIARTL.NS,INE397D01024,False,,1836.0
BOSCHLTD.NS,INE323A01026,False,,47735.0
BRITANNIA.NS,INE216A01030,False,,4982.0
CGPOWER.NS,INE067A01029,False,,880.0
CANBK.NS,INE476A01022,False,,123.9000015259
CHOLAFIN.NS,INE121A01024,False,,1764.5
CIPLA.NS,INE059A01026,False,,1376.3000488281
COALINDIA.NS,INE522F01014,False,,418.0
CUMMINSIND.NS,INE298A01020,True,2026-09-10T00:00:00.000,5020.0
DLF.NS,INE271C01023,False,,640.0
DIVISLAB.NS,INE361B01024,False,,9323.0
DRREDDY.NS,INE089A01031,True,2026-09-11T00:00:00.000,1175.0
EICHERMOT.NS,INE066A01021,False,,7493.5
ETERNAL.NS,INE758T01015,False,,322.3500061035
GAIL.NS,INE129A01019,False,,172.0
GODREJCP.NS,INE102D01028,True,2026-09-14T00:00:00.000,873.0
GRASIM.NS,INE047A01021,False,,3173.1000976562
HCLTECH.NS,INE860A01027,False,,1258.3000488281
HDFCAMC.NS,INE127D01025,False,,2387.6999511719
HDFCBANK.NS,INE040A01034,True,2026-09-11T00:00:00.000,713.0
HDFCLIFE.NS,INE795G01014,True,2026-09-17T00:00:00.000,557.0
HINDALCO.NS,INE038A01020,False,,980.5
HAL.NS,INE066F01020,False,,4788.0
HINDUNILVR.NS,INE030A01027,True,2026-09-16T00:00:00.000,1942.1999511719
HINDZINC.NS,INE267A01025,False,,572.299987793
HYUNDAI.NS,INE0V6F01027,False,,2160.0
ICICIBANK.NS,INE090A01021,False,,1347.5999755859
ITC.NS,INE154A01025,True,2026-09-16T00:00:00.000,266.200012207
INDHOTEL.NS,INE053A01029,False,,726.6500244141
IOC.NS,INE242A01010,False,,134.2700042725
IRFC.NS,INE053F01010,False,,79.3099975586
INFY.NS,INE009A01021,False,,1058.5999755859
INDIGO.NS,INE646L01027,False,,4845.0
JSWSTEEL.NS,INE019A01038,False,,1253.4000244141
JINDALSTEL.NS,INE749A01030,False,,1128.4000244141
JIOFIN.NS,INE758E01017,False,,229.3000030518
KOTAKBANK.NS,INE237A01036,False,,416.5
LTM.NS,INE214T01019,False,,4265.2998046875
LT.NS,INE018A01030,False,,3836.1999511719
LODHA.NS,INE670K01029,False,,1103.0999755859
M&M.NS,INE101A01026,False,,3076.5
MARUTI.NS,INE585B01010,False,,12338.0
MAXHEALTH.NS,INE027H01010,False,,1037.0
MAZDOCK.NS,INE249Z01020,False,,2210.0
MUTHOOTFIN.NS,INE414G01012,False,,2770.1999511719
NTPC.NS,INE733E01010,True,2026-09-04T00:00:00.000,329.6000061035
NESTLEIND.NS,INE239A01024,False,,1370.5999755859
ONGC.NS,INE213A01029,False,,232.4299926758
PIDILITIND.NS,INE318A01026,False,,1551.5
PFC.NS,INE134E01011,True,2026-09-04T00:00:00.000,344.950012207
POWERGRID.NS,INE752E01010,False,,263.75
PNB.NS,INE160A01022,False,,116.4700012207
RECLTD.NS,INE020B01018,True,2026-09-09T00:00:00.000,310.5
RELIANCE.NS,INE002A01018,True,2026-09-04T00:00:00.000,1243.9000244141
SBILIFE.NS,INE123W01016,True,2026-09-17T00:00:00.000,1766.9000244141
MOTHERSON.NS,INE775A01035,False,,161.8699951172
SHREECEM.NS,INE070A01015,False,,21960.0
SHRIRAMFIN.NS,INE721A01047,False,,995.0
ENRIN.NS,INE1NPP01017,False,,3109.1000976562
SIEMENS.NS,INE003A01024,False,,3763.5
SOLARINDS.NS,INE343H01029,False,,18815.0
SBIN.NS,INE062A01020,False,,988.700012207
SUNPHARMA.NS,INE044A01036,False,,1867.3000488281
TVSMOTOR.NS,INE494B01023,False,,4101.7001953125
TATACAP.NS,INE976I01016,False,,343.6499938965
TCS.NS,INE467B01029,False,,2190.0
TATACONSUM.NS,INE192A01025,True,2026-09-17T00:00:00.000,1013.700012207
TMCV.NS,INE1TAE01010,False,,436.1000061035
TMPV.NS,INE155A01022,True,2026-09-17T00:00:00.000,314.5
TATAPOWER.NS,INE245A01021,True,2026-09-07T00:00:00.000,369.0
TATASTEEL.NS,INE081A01020,True,2026-09-17T00:00:00.000,187.2899932861
TECHM.NS,INE669C01036,False,,1561.0
TITAN.NS,INE280A01028,False,,4841.0
TORNTPHARM.NS,INE685A01028,False,,4875.0
TRENT.NS,INE849A01020,False,,2789.0
ULTRACEMCO.NS,INE481G01011,False,,10764.0
UNIONBANK.NS,INE692A01016,False,,178.0899963379
UNITDSPR.NS,INE854D01024,False,,1390.0
VBL.NS,INE200M01039,True,2026-09-09T00:00:00.000,415.450012207
VEDL.NS,INE205A01025,False,,257.450012207
WIPRO.NS,INE075A01022,False,,166.3999938965
ZYDUSLIFE.NS,INE010B01027,False,,1135.0999755859
