,SYMBOL,Category,Sep 2023,Dec 2023,Mar 2024,Jun 2024,Sep 2024,Dec 2024,Mar 2025,Jun 2025,Sep 2025,Dec 2025,Mar 2026,Jun 2026,Jul 2026
0,INDIGO,Promoters,63.25%,63.12%,57.29%,55.29%,49.29%,49.27%,49.27%,43.54%,41.58%,41.57%,41.57%,41.57%,
1,INDIGO,FIIs,20.29%,18.70%,23.66%,24.43%,25.40%,24.83%,25.12%,27.31%,28.44%,24.99%,21.64%,20.32%,
2,INDIGO,DIIs,13.25%,14.65%,15.03%,15.36%,20.59%,21.14%,20.66%,24.02%,24.58%,28.08%,31.14%,31.85%,
3,INDIGO,Government,0.07%,0.07%,0.07%,0.07%,0.07%,0.07%,0.07%,0.07%,0.07%,0.04%,0.04%,0.04%,
4,INDIGO,Public,3.16%,3.45%,3.95%,4.85%,4.64%,4.69%,4.88%,5.05%,5.32%,5.31%,5.60%,6.23%,
5,INDIGO,No. of Shareholders,"1,40,179","1,41,106","1,70,059","2,39,650","2,49,061","2,73,677","2,89,444","3,03,062","3,16,246","3,87,056","4,02,483","3,74,212",
6,JSWSTEEL,Promoters,44.79%,44.81%,44.81%,44.81%,44.84%,44.85%,44.84%,45.31%,45.31%,45.31%,45.31%,44.29%,
7,JSWSTEEL,FIIs,26.13%,26.33%,26.06%,25.52%,25.66%,25.59%,25.78%,25.42%,25.56%,25.38%,25.38%,25.92%,
8,JSWSTEEL,DIIs,9.50%,9.48%,9.81%,10.52%,10.53%,10.59%,10.52%,10.93%,10.87%,11.06%,11.16%,11.49%,
9,JSWSTEEL,Government,0.51%,0.51%,0.51%,0.51%,0.51%,0.51%,0.51%,0.51%,0.51%,0.51%,0.51%,0.51%,
10,JSWSTEEL,Public,18.64%,18.47%,18.44%,18.30%,18.22%,18.24%,18.16%,17.59%,17.62%,17.56%,17.47%,17.62%,
11,JSWSTEEL,Others,0.43%,0.41%,0.37%,0.34%,0.24%,0.23%,0.20%,0.24%,0.12%,0.20%,0.19%,0.18%,
12,JSWSTEEL,No. of Shareholders,"6,63,179","6,41,582","6,71,779","6,35,680","6,32,249","6,35,890","6,21,932","6,17,339","6,10,303","6,05,301","6,03,274","6,10,616",
13,JINDALSTEL,Promoters,61.21%,61.21%,61.21%,61.19%,61.19%,61.19%,62.22%,62.36%,62.38%,62.71%,62.71%,62.71%,
14,JINDALSTEL,FIIs,12.23%,11.75%,11.93%,12.64%,12.19%,10.99%,9.59%,9.76%,9.43%,9.02%,9.19%,8.84%,
15,JINDALSTEL,DIIs,15.22%,15.33%,14.73%,15.34%,16.05%,17.26%,17.72%,18.09%,18.74%,19.10%,19.14%,19.52%,
16,JINDALSTEL,Public,9.88%,9.99%,10.41%,10.01%,9.75%,9.75%,9.65%,9.54%,9.20%,8.93%,8.73%,8.73%,
17,JINDALSTEL,Others,1.48%,1.73%,1.73%,0.81%,0.81%,0.81%,0.81%,0.25%,0.25%,0.25%,0.25%,0.22%,
18,JINDALSTEL,No. of Shareholders,"2,38,054","2,50,732","2,59,991","2,80,533","2,87,902","2,98,258","3,05,285","3,02,190","2,90,386","2,82,086","2,71,333","2,76,544",
19,JIOFIN,Promoters,46.77%,47.12%,47.12%,47.12%,47.12%,47.12%,47.12%,47.12%,47.12%,47.12%,47.12%,49.13%,
20,JIOFIN,FIIs,21.58%,19.83%,19.45%,17.55%,16.88%,15.62%,11.66%,12.30%,11.85%,11.55%,12.31%,11.27%,
21,JIOFIN,DIIs,13.64%,12.99%,12.50%,11.79%,11.39%,12.46%,14.21%,14.68%,14.78%,15.36%,14.26%,13.27%,
22,JIOFIN,Government,0.13%,0.14%,0.14%,0.15%,0.15%,0.17%,0.17%,0.18%,0.18%,0.18%,0.18%,0.18%,
23,JIOFIN,Public,17.86%,19.92%,20.77%,23.39%,24.46%,24.61%,26.83%,25.70%,26.07%,25.77%,26.11%,26.15%,
24,JIOFIN,No. of Shareholders,"39,83,144","40,83,129","43,99,041","48,02,851","48,60,795","49,78,984","52,59,483","51,18,346","50,73,442","49,61,997","49,44,256","49,65,496",
25,KOTAKBANK,Promoters,25.92%,25.91%,25.90%,25.89%,25.88%,25.88%,25.88%,25.88%,25.87%,25.87%,25.87%,25.87%,
26,KOTAKBANK,FIIs,40.97%,39.74%,37.59%,33.16%,33.39%,32.48%,32.65%,32.34%,29.75%,29.36%,26.40%,25.21%,
27,KOTAKBANK,DIIs,20.00%,21.38%,23.40%,27.69%,27.88%,28.79%,29.13%,29.61%,32.02%,32.88%,36.19%,37.71%,
28,KOTAKBANK,Public,13.11%,12.98%,13.11%,13.26%,12.84%,12.83%,12.34%,12.18%,12.35%,11.90%,11.54%,11.20%,
29,KOTAKBANK,No. of Shareholders,"6,35,299","6,34,698","6,81,301","7,82,680","7,39,755","7,46,602","7,05,616","6,90,125","6,91,413","6,79,096","7,81,448","7,84,727",
30,LTM,Promoters,68.66%,68.64%,68.60%,68.60%,68.60%,68.57%,68.57%,68.56%,68.54%,68.53%,68.52%,68.49%,
31,LTM,FIIs,8.11%,8.65%,7.86%,7.28%,7.39%,7.45%,7.00%,6.62%,6.40%,6.51%,6.63%,6.31%,
32,LTM,DIIs,12.87%,12.85%,13.48%,14.12%,14.79%,14.88%,15.51%,16.10%,16.57%,16.80%,16.90%,16.73%,
33,LTM,Government,0.08%,0.08%,0.10%,0.12%,0.10%,0.10%,0.10%,0.10%,0.10%,0.10%,0.10%,0.10%,
34,LTM,Public,10.27%,9.78%,9.95%,9.86%,9.09%,8.96%,8.82%,8.60%,8.35%,8.02%,7.82%,8.30%,
35,LTM,Others,0.00%,0.00%,0.00%,0.03%,0.02%,0.03%,0.00%,0.01%,0.02%,0.03%,0.01%,0.04%,
36,LTM,No. of Shareholders,"5,12,560","4,83,443","5,03,965","5,03,444","4,49,972","4,40,977","4,33,377","4,18,455","4,05,567","3,80,139","3,75,351","3,97,187",
37,LT,FIIs,25.72%,25.50%,24.36%,22.85%,21.72%,20.83%,19.80%,19.33%,19.48%,20.06%,18.78%,19.13%,
38,LT,DIIs,37.16%,37.34%,38.08%,38.89%,40.44%,41.71%,42.71%,43.48%,43.34%,42.99%,43.32%,43.01%,
39,LT,Government,0.23%,0.23%,0.23%,0.24%,0.24%,0.24%,0.24%,0.24%,0.24%,0.24%,0.25%,0.25%,
40,LT,Public,36.89%,36.93%,37.33%,38.01%,37.60%,37.21%,37.25%,36.95%,36.92%,36.69%,37.64%,37.60%,
41,LT,No. of Shareholders,"14,07,117","14,54,624","15,64,085","17,36,844","16,89,155","16,75,146","17,06,264","16,81,491","16,71,006","16,30,031","18,01,254","17,95,249",
42,LODHA,Promoters,74.93%,74.92%,72.16%,72.13%,72.11%,71.98%,71.94%,71.90%,71.87%,71.85%,72.27%,70.31%,
43,LODHA,FIIs,20.52%,21.09%,23.79%,24.18%,24.20%,24.45%,24.64%,24.89%,24.11%,23.49%,21.24%,23.65%,
44,LODHA,DIIs,3.50%,3.21%,3.32%,2.96%,2.78%,2.63%,2.36%,2.19%,2.73%,3.17%,4.62%,3.56%,
45,LODHA,Public,1.05%,0.78%,0.73%,0.72%,0.91%,0.92%,1.04%,1.00%,1.28%,1.48%,1.85%,2.46%,
46,LODHA,No. of Shareholders,"52,590","52,805","60,812","67,699","92,933","94,623","1,04,512","99,267","1,18,870","1,35,294","1,47,462","1,58,746",
47,M&M,Promoters,19.33%,19.33%,18.58%,18.55%,18.53%,18.48%,18.45%,18.43%,18.43%,18.43%,18.45%,18.44%,
48,M&M,FIIs,40.26%,40.86%,41.75%,41.90%,41.18%,38.92%,38.30%,38.53%,38.04%,37.49%,36.23%,34.89%,
49,M&M,DIIs,26.79%,26.26%,26.13%,26.18%,27.04%,29.22%,29.77%,29.57%,29.95%,30.39%,31.37%,32.58%,
50,M&M,Government,0.07%,0.07%,0.07%,0.07%,0.07%,0.07%,0.08%,0.08%,0.08%,0.12%,0.21%,0.13%,
51,M&M,Public,9.73%,9.71%,9.70%,9.57%,9.44%,9.66%,9.78%,9.77%,9.93%,10.03%,10.25%,10.47%,
52,M&M,Others,3.80%,3.77%,3.75%,3.73%,3.69%,3.63%,3.60%,3.58%,3.55%,3.52%,3.50%,3.47%,
53,M&M,No. of Shareholders,"6,75,621","6,90,006","7,21,672","7,56,259","7,99,531","8,55,175","8,95,699","8,64,189","8,81,154","8,85,061","9,41,478","9,89,776",
54,MARUTI,Promoters,56.48%,58.19%,58.19%,58.19%,58.19%,58.28%,58.28%,58.28%,58.28%,58.28%,58.53%,58.65%,
55,MARUTI,FIIs,21.85%,20.60%,19.64%,18.98%,17.68%,15.47%,14.96%,15.20%,15.78%,15.76%,14.12%,12.82%,
56,MARUTI,DIIs,18.15%,17.64%,18.86%,19.37%,20.75%,22.89%,23.56%,23.25%,22.55%,22.84%,24.09%,25.09%,
57,MARUTI,Government,0.06%,0.06%,0.06%,0.07%,0.07%,0.07%,0.08%,0.08%,0.08%,0.08%,0.08%,0.08%,
58,MARUTI,Public,3.45%,3.50%,3.24%,3.41%,3.31%,3.28%,3.12%,3.18%,3.30%,3.04%,3.18%,3.35%,
59,MARUTI,No. of Shareholders,"3,68,608","3,87,767","3,64,375","3,89,314","3,82,573","4,06,570","3,78,893","3,67,608","3,69,205","3,66,153","4,00,860","4,11,238",
60,MAXHEALTH,Promoters,23.76%,23.75%,23.75%,23.74%,23.74%,23.74%,23.74%,23.74%,23.74%,23.72%,23.71%,23.71%,
61,MAXHEALTH,FIIs,60.39%,60.69%,57.33%,56.99%,57.29%,56.93%,54.74%,54.76%,51.80%,50.55%,45.39%,41.78%,
62,MAXHEALTH,DIIs,11.40%,11.55%,14.96%,15.36%,15.14%,15.55%,17.59%,17.41%,20.03%,21.20%,26.32%,29.95%,
63,MAXHEALTH,Public,4.45%,3.99%,3.97%,3.91%,3.84%,3.77%,3.94%,4.09%,4.43%,4.52%,4.58%,4.55%,
64,MAXHEALTH,No. of Shareholders,"1,18,635","1,11,338","1,27,009","1,36,254","1,37,856","1,40,028","1,51,633","1,62,119","1,80,891","2,03,837","2,16,996","2,24,606",
65,MAZDOCK,Promoters,84.83%,84.83%,84.83%,84.83%,84.83%,84.83%,84.83%,81.22%,81.22%,81.22%,81.22%,81.22%,
66,MAZDOCK,FIIs,3.69%,3.32%,2.38%,2.44%,1.45%,1.55%,2.26%,2.57%,1.97%,1.80%,1.73%,1.72%,
67,MAZDOCK,DIIs,0.39%,0.43%,0.66%,0.83%,1.00%,1.46%,1.69%,5.21%,5.65%,5.37%,5.09%,5.02%,
68,MAZDOCK,Public,11.10%,11.42%,12.12%,11.89%,12.72%,12.16%,11.21%,11.00%,11.15%,11.61%,11.95%,12.04%,
69,MAZDOCK,No. of Shareholders,"3,08,372","3,45,328","3,86,330","4,77,478","6,72,404","6,89,605","6,76,957","7,19,743","7,41,680","7,62,652","8,08,455","8,05,823",
70,MUTHOOTFIN,Promoters,73.35%,73.35%,73.35%,73.35%,73.35%,73.35%,73.35%,73.35%,73.35%,73.35%,73.35%,73.35%,
71,MUTHOOTFIN,FIIs,8.12%,8.34%,8.33%,8.68%,9.85%,10.26%,11.02%,10.84%,11.58%,11.75%,12.31%,11.61%,
72,MUTHOOTFIN,DIIs,14.64%,14.61%,14.72%,14.55%,13.30%,12.99%,11.75%,12.21%,11.37%,11.13%,10.43%,10.75%,
73,MUTHOOTFIN,Public,3.87%,3.72%,3.59%,3.41%,3.50%,3.38%,3.87%,3.60%,3.70%,3.77%,3.92%,4.29%,
74,MUTHOOTFIN,No. of Shareholders,"2,17,233","2,03,284","1,94,951","1,82,990","2,98,304","3,04,528","3,05,672","2,88,688","2,99,709","3,05,964","3,14,887","3,12,071",
75,NTPC,Promoters,51.10%,51.10%,51.10%,51.10%,51.10%,51.10%,51.10%,51.10%,51.10%,51.10%,51.10%,51.10%,
76,NTPC,FIIs,16.69%,17.05%,17.86%,17.68%,18.60%,18.20%,17.79%,16.09%,16.40%,16.24%,16.54%,16.30%,
77,NTPC,DIIs,29.02%,28.70%,27.55%,27.55%,26.51%,26.76%,27.22%,28.92%,28.93%,29.19%,29.13%,29.44%,
78,NTPC,Government,0.10%,0.10%,0.11%,0.11%,0.11%,0.11%,0.11%,0.12%,0.12%,0.12%,0.12%,0.00%,
79,NTPC,Public,3.08%,3.04%,3.37%,3.55%,3.68%,3.83%,3.77%,3.77%,3.45%,3.34%,3.10%,3.14%,
80,NTPC,No. of Shareholders,"10,66,543","11,58,992","13,93,480","17,67,138","35,74,828","43,65,786","41,43,175","39,65,860","37,29,617","35,43,434","33,00,179","32,01,112",
81,NESTLEIND,Promoters,62.76%,62.76%,62.76%,62.76%,62.76%,62.76%,62.76%,62.76%,62.76%,62.76%,62.76%,62.76%,
82,NESTLEIND,FIIs,12.10%,12.09%,12.10%,11.94%,11.94%,10.27%,10.02%,10.28%,9.82%,9.81%,9.74%,10.30%,
83,NESTLEIND,DIIs,9.32%,9.16%,9.00%,9.17%,9.45%,10.80%,11.30%,11.18%,11.75%,12.10%,12.40%,11.89%,
84,NESTLEIND,Public,15.81%,15.98%,16.14%,16.10%,15.86%,16.17%,15.90%,15.76%,15.63%,15.31%,15.09%,15.04%,
85,NESTLEIND,No. of Shareholders,"1,84,090","2,13,977","4,10,144","4,37,880","4,27,964","5,47,850","5,38,165","5,19,439","5,46,818","5,06,673","4,92,124","4,79,696",
86,ONGC,Promoters,58.89%,58.89%,58.89%,58.89%,58.89%,58.89%,58.89%,58.89%,58.89%,58.89%,58.89%,58.89%,
87,ONGC,FIIs,8.38%,9.20%,8.88%,8.57%,8.12%,7.53%,7.11%,7.08%,6.98%,7.43%,7.97%,8.01%,
88,ONGC,DIIs,19.58%,18.73%,18.88%,18.75%,19.04%,19.40%,19.93%,19.85%,19.96%,19.69%,19.30%,19.31%,
89,ONGC,Government,10.30%,10.30%,10.30%,10.30%,10.30%,10.30%,10.30%,10.30%,10.30%,10.30%,10.30%,10.30%,
90,ONGC,Public,2.83%,2.89%,3.05%,3.50%,3.65%,3.88%,3.76%,3.88%,3.87%,3.69%,3.54%,3.50%,
91,ONGC,No. of Shareholders,"15,13,383","15,88,564","17,90,074","21,41,479","27,88,153","30,50,312","30,30,759","30,21,301","29,59,513","28,56,489","27,77,888","27,36,414",
92,PIDILITIND,Promoters,69.86%,69.84%,69.78%,69.75%,69.60%,69.59%,69.49%,69.35%,69.33%,69.32%,69.32%,69.24%,
93,PIDILITIND,FIIs,11.44%,11.49%,11.31%,11.59%,11.96%,11.79%,11.60%,12.13%,12.08%,12.01%,11.75%,11.69%,
94,PIDILITIND,DIIs,8.01%,8.32%,8.93%,8.97%,8.89%,9.15%,9.43%,9.15%,9.15%,9.21%,9.56%,9.81%,
95,PIDILITIND,Government,0.00%,0.00%,0.00%,0.00%,0.00%,0.00%,0.00%,0.00%,0.00%,0.04%,0.08%,0.09%,
96,PIDILITIND,Public,10.70%,10.36%,10.00%,9.71%,9.55%,9.46%,9.47%,9.36%,9.43%,9.40%,9.29%,9.18%,
97,PIDILITIND,No. of Shareholders,"6,00,117","5,77,382","5,41,114","5,23,292","5,08,966","5,08,918","5,17,618","5,02,257","5,17,120","5,21,850","5,20,440","5,09,811",
98,PFC,Promoters,55.99%,55.99%,55.99%,55.99%,55.99%,55.99%,55.99%,55.99%,55.99%,55.99%,55.99%,55.99%,
99,PFC,FIIs,16.85%,17.85%,17.19%,17.93%,17.74%,18.04%,18.84%,18.66%,18.84%,18.33%,19.64%,20.54%,
100,PFC,DIIs,17.86%,17.47%,18.21%,17.04%,17.43%,17.16%,16.17%,16.11%,16.04%,15.48%,15.05%,14.50%,
101,PFC,Public,9.29%,8.66%,8.58%,9.04%,8.83%,8.80%,8.97%,9.21%,9.13%,10.18%,9.32%,8.96%,
102,PFC,No. of Shareholders,"5,33,375","5,97,315","7,07,579","10,04,152","10,34,391","10,91,108","11,26,259","11,28,203","10,97,217","11,30,351","10,54,196","10,04,992",
103,POWERGRID,Promoters,51.34%,51.34%,51.34%,51.34%,51.34%,51.34%,51.34%,51.34%,51.34%,51.34%,51.34%,51.34%,
104,POWERGRID,FIIs,32.01%,30.51%,29.82%,28.73%,28.26%,28.11%,26.79%,26.50%,25.66%,24.73%,25.02%,24.33%,
105,POWERGRID,DIIs,13.21%,14.77%,15.26%,16.32%,16.89%,16.99%,18.30%,18.49%,19.33%,20.19%,20.05%,20.62%,
106,POWERGRID,Government,0.00%,0.00%,0.00%,0.00%,0.00%,0.04%,0.06%,0.07%,0.07%,0.07%,0.08%,0.08%,
107,POWERGRID,Public,3.44%,3.37%,3.58%,3.61%,3.50%,3.50%,3.52%,3.61%,3.60%,3.67%,3.51%,3.63%,
108,POWERGRID,No. of Shareholders,"9,31,366","9,61,585","11,00,850","13,17,077","13,29,741","13,51,252","13,83,986","13,88,417","13,72,725","13,74,801","13,35,909","13,51,868",
109,PNB,Promoters,73.15%,73.15%,73.15%,73.15%,70.08%,70.08%,70.08%,70.08%,70.08%,70.08%,70.08%,70.08%,
110,PNB,FIIs,2.65%,3.10%,4.82%,5.51%,8.42%,5.70%,5.71%,5.52%,5.67%,5.93%,6.39%,5.93%,
111,PNB,DIIs,13.80%,13.74%,12.37%,10.76%,11.61%,14.31%,14.67%,15.06%,15.54%,16.09%,16.05%,16.06%,
112,PNB,Public,10.41%,10.00%,9.67%,10.57%,9.89%,9.91%,9.54%,9.34%,8.70%,7.91%,7.48%,7.91%,
113,PNB,No. of Shareholders,"20,83,546","21,63,625","23,53,625","25,29,283","25,79,491","26,40,520","26,53,665","25,74,693","24,55,484","23,09,003","22,22,889","22,31,532",
114,RECLTD,Promoters,52.63%,52.63%,52.63%,52.63%,52.63%,52.63%,52.63%,52.63%,52.63%,52.63%,52.63%,52.63%,
115,RECLTD,FIIs,20.36%,20.60%,19.91%,20.43%,21.22%,21.74%,20.48%,19.16%,17.97%,16.46%,15.79%,15.76%,
116,RECLTD,DIIs,14.10%,14.16%,15.44%,14.68%,14.25%,13.91%,14.79%,15.51%,15.86%,16.21%,16.36%,16.98%,
117,RECLTD,Government,0.04%,0.04%,0.05%,0.05%,0.05%,0.05%,0.05%,0.05%,0.05%,0.05%,0.05%,0.05%,
118,RECLTD,Public,12.87%,12.55%,11.96%,12.21%,11.84%,11.67%,12.05%,12.65%,13.48%,14.64%,15.17%,14.57%,
119,RECLTD,No. of Shareholders,"6,21,578","6,89,192","7,70,808","10,33,684","10,40,888","10,41,317","10,82,798","11,26,511","11,54,542","11,79,931","12,08,647","11,75,194",
120,RELIANCE,Promoters,50.27%,50.30%,50.31%,50.33%,50.24%,50.13%,50.10%,50.07%,50.01%,50.00%,50.00%,50.48%,
121,RELIANCE,FIIs,22.60%,22.13%,22.06%,21.75%,21.30%,19.16%,19.07%,19.21%,18.65%,19.09%,18.67%,17.19%,
122,RELIANCE,DIIs,15.99%,16.59%,16.98%,17.30%,17.61%,19.02%,19.36%,19.72%,20.25%,20.10%,20.46%,21.10%,
123,RELIANCE,Government,0.17%,0.18%,0.19%,0.19%,0.19%,0.18%,0.17%,0.17%,0.17%,0.17%,0.17%,0.17%,
124,RELIANCE,Public,10.98%,10.80%,10.46%,10.43%,10.67%,11.52%,11.29%,10.84%,10.92%,10.64%,10.70%,11.05%,
125,RELIANCE,No. of Shareholders,"36,98,648","36,13,814","34,63,276","34,93,125","38,34,968","47,14,959","47,65,728","44,35,756","43,93,764","42,06,159","44,21,289","46,51,863",
126,SBILIFE,Promoters,55.44%,55.43%,55.42%,55.41%,55.39%,55.38%,55.38%,55.37%,55.36%,55.34%,55.33%,55.32%,
127,SBILIFE,FIIs,26.17%,25.92%,25.16%,24.70%,25.18%,22.48%,21.88%,22.34%,21.85%,21.88%,21.51%,20.95%,
128,SBILIFE,DIIs,14.27%,14.63%,15.40%,15.88%,15.32%,17.91%,18.67%,18.24%,18.70%,18.72%,19.13%,19.67%,
129,SBILIFE,Public,4.11%,4.01%,4.01%,3.98%,4.10%,4.22%,4.06%,4.05%,4.09%,4.05%,4.02%,4.06%,
130,SBILIFE,No. of Shareholders,"3,49,407","3,38,525","3,35,114","3,45,541","3,35,864","3,74,916","3,63,505","3,55,321","3,57,764","3,52,496","3,54,662","3,57,321",
131,MOTHERSON,Promoters,64.77%,64.79%,60.36%,60.35%,58.12%,58.12%,58.13%,48.60%,48.58%,48.60%,48.60%,48.60%,
132,MOTHERSON,FIIs,11.41%,10.78%,12.44%,12.88%,13.47%,14.31%,12.42%,12.63%,11.99%,11.75%,12.45%,12.87%,
133,MOTHERSON,DIIs,14.92%,15.27%,18.15%,18.04%,19.82%,19.20%,20.96%,20.69%,20.98%,21.57%,21.08%,20.59%,
134,MOTHERSON,Government,0.06%,0.06%,0.06%,0.06%,0.05%,0.05%,0.05%,0.05%,0.05%,0.05%,0.05%,0.05%,
135,MOTHERSON,Public,8.84%,9.10%,8.98%,8.68%,8.55%,8.31%,8.44%,18.05%,18.40%,17.89%,17.60%,17.67%,
136,MOTHERSON,Others,0.00%,0.00%,0.00%,0.00%,0.00%,0.00%,0.00%,0.00%,0.00%,0.14%,0.22%,0.22%,
137,MOTHERSON,No. of Shareholders,"9,93,291","10,34,246","10,39,407","10,83,236","12,18,776","12,64,328","13,06,219","13,03,287","13,40,450","12,55,307","12,20,691","11,93,976",
138,SHREECEM,Promoters,62.56%,62.56%,62.56%,62.56%,62.56%,62.56%,62.56%,62.56%,62.56%,62.56%,62.56%,62.56%,
139,SHREECEM,FIIs,12.22%,12.31%,12.47%,11.85%,10.39%,9.88%,9.70%,10.07%,10.34%,10.07%,8.94%,8.21%,
140,SHREECEM,DIIs,12.37%,12.37%,12.14%,12.78%,14.22%,14.78%,15.07%,14.65%,14.40%,14.59%,15.79%,16.42%,
141,SHREECEM,Government,0.17%,0.17%,0.18%,0.23%,0.23%,0.25%,0.25%,0.25%,0.25%,0.25%,0.25%,0.25%,
142,SHREECEM,Public,12.69%,12.60%,12.64%,12.59%,12.60%,12.53%,12.42%,12.48%,12.46%,12.54%,12.48%,12.57%,
143,SHREECEM,No. of Shareholders,"27,738","24,852","28,268","26,744","29,903","25,531","24,779","25,592","26,178","28,755","29,592","27,345",
144,SHRIRAMFIN,Promoters,25.45%,25.43%,25.42%,25.41%,25.40%,25.40%,25.39%,25.39%,25.39%,25.38%,25.38%,20.30%,
145,SHRIRAMFIN,FIIs,54.67%,53.97%,53.90%,54.28%,53.29%,53.08%,53.58%,52.61%,49.61%,47.21%,45.15%,54.75%,
146,SHRIRAMFIN,DIIs,15.17%,15.77%,15.69%,15.24%,16.21%,15.93%,15.34%,16.32%,18.65%,21.29%,23.29%,19.90%,
147,SHRIRAMFIN,Public,4.71%,4.83%,5.00%,5.07%,5.07%,5.58%,5.68%,5.64%,6.34%,6.11%,6.18%,5.03%,
148,SHRIRAMFIN,No. of Shareholders,"96,873","1,07,254","1,18,031","1,26,529","1,40,680","1,81,398","2,30,821","2,53,512","2,98,608","2,98,475","3,34,705","3,52,550",
149,ENRIN,Promoters,,,,,,,,75.00%,75.00%,75.00%,75.00%,75.00%,
150,ENRIN,FIIs,,,,,,,,4.79%,6.16%,7.21%,7.59%,7.72%,
151,ENRIN,DIIs,,,,,,,,9.12%,8.05%,6.70%,6.62%,6.44%,
152,ENRIN,Public,,,,,,,,11.07%,10.79%,11.07%,10.78%,10.82%,
153,ENRIN,No. of Shareholders,,,,,,,,"2,45,890","2,34,969","2,38,431","2,37,745","2,39,615",
154,SIEMENS,Promoters,75.00%,75.00%,75.00%,75.00%,75.00%,75.00%,75.00%,75.00%,75.00%,75.00%,75.00%,75.00%,
155,SIEMENS,FIIs,7.94%,7.89%,8.30%,8.59%,8.69%,8.77%,8.19%,7.66%,7.00%,6.85%,6.80%,6.47%,
156,SIEMENS,DIIs,7.64%,7.71%,7.42%,7.03%,6.90%,6.78%,7.28%,7.24%,8.04%,8.35%,8.59%,9.10%,
157,SIEMENS,Public,9.44%,9.40%,9.29%,9.39%,9.42%,9.45%,9.51%,10.09%,9.96%,9.79%,9.60%,9.45%,
158,SIEMENS,No. of Shareholders,"1,63,563","1,56,916","1,52,706","1,79,869","1,92,619","2,08,414","2,28,178","2,92,881","2,81,243","2,70,941","2,58,262","2,57,203",
159,SOLARINDS,Promoters,73.15%,73.15%,73.15%,73.15%,73.15%,73.15%,73.15%,73.15%,73.15%,73.15%,73.15%,73.15%,
160,SOLARINDS,FIIs,5.89%,5.90%,6.10%,7.56%,7.53%,7.23%,5.82%,6.79%,7.11%,6.74%,6.59%,6.39%,
161,SOLARINDS,DIIs,15.24%,15.05%,14.52%,12.74%,12.68%,12.78%,14.10%,13.59%,12.90%,12.91%,12.89%,13.36%,
162,SOLARINDS,Public,5.71%,5.88%,6.22%,6.54%,6.64%,6.82%,6.92%,6.47%,6.84%,7.20%,7.35%,7.10%,
163,SOLARINDS,No. of Shareholders,"50,103","57,926","64,377","72,853","78,402","83,959","95,380","97,712","1,05,014","1,13,869","1,15,917","1,16,877",
164,SBIN,Promoters,57.49%,57.49%,57.54%,57.54%,57.51%,57.43%,57.43%,57.42%,55.50%,55.50%,55.52%,55.47%,
165,SBIN,FIIs,10.72%,10.91%,11.09%,11.15%,10.71%,10.27%,9.94%,9.33%,9.57%,10.34%,11.41%,10.81%,
166,SBIN,DIIs,24.36%,24.15%,23.96%,23.61%,23.96%,24.79%,24.92%,25.54%,27.65%,27.04%,26.11%,26.52%,
167,SBIN,Government,0.03%,0.03%,0.03%,0.03%,0.14%,0.14%,0.14%,0.14%,0.14%,0.13%,0.13%,0.14%,
168,SBIN,Public,7.41%,7.40%,7.37%,7.67%,7.67%,7.35%,7.54%,7.56%,7.13%,6.97%,6.81%,7.06%,
169,SBIN,No. of Shareholders,"30,29,116","30,47,685","31,50,350","36,13,127","37,91,512","37,19,913","38,26,549","37,54,459","36,18,554","35,67,461","37,63,427","38,98,366",
170,SUNPHARMA,Promoters,54.48%,54.48%,54.48%,54.48%,54.48%,54.48%,54.48%,54.48%,54.48%,54.48%,54.48%,54.48%,
171,SUNPHARMA,FIIs,16.78%,17.08%,17.72%,17.23%,18.01%,18.04%,17.96%,17.26%,16.55%,16.12%,15.94%,14.54%,
172,SUNPHARMA,DIIs,19.56%,19.42%,18.71%,19.17%,18.48%,18.43%,18.58%,19.38%,20.12%,20.72%,21.00%,22.06%,
173,SUNPHARMA,Government,0.10%,0.11%,0.11%,0.11%,0.11%,0.11%,0.11%,0.11%,0.11%,0.11%,0.11%,0.11%,
174,SUNPHARMA,Public,9.05%,8.92%,8.97%,9.00%,8.89%,8.92%,8.86%,8.76%,8.72%,8.57%,8.48%,8.81%,
175,SUNPHARMA,No. of Shareholders,"6,16,588","6,12,626","6,31,392","6,73,217","6,57,317","6,89,623","7,04,983","7,23,770","7,43,877","7,10,900","6,90,957","7,10,246",
176,TVSMOTOR,Promoters,50.27%,50.27%,50.27%,50.27%,50.27%,50.27%,50.27%,50.27%,50.27%,50.27%,50.27%,50.27%,
177,TVSMOTOR,FIIs,18.51%,19.27%,20.83%,21.05%,22.33%,21.20%,21.48%,22.42%,22.90%,23.09%,22.56%,20.45%,
178,TVSMOTOR,DIIs,23.10%,21.79%,20.26%,20.13%,19.02%,19.99%,19.73%,18.80%,18.34%,18.28%,18.84%,21.12%,
179,TVSMOTOR,Public,8.12%,8.68%,8.64%,8.56%,8.33%,8.45%,8.45%,8.40%,8.46%,8.33%,8.30%,8.12%,
180,TVSMOTOR,Others,0.00%,0.00%,0.00%,0.00%,0.07%,0.07%,0.07%,0.10%,0.04%,0.03%,0.03%,0.02%,
181,TVSMOTOR,No. of Shareholders,"2,02,558","2,42,094","2,60,618","2,69,776","2,69,030","2,92,489","3,01,308","2,99,644","3,09,383","3,20,848","3,24,891","3,31,196",
182,TATACAP,Promoters,,,,,,,,,,85.41%,85.41%,85.41%,
183,TATACAP,FIIs,,,,,,,,,,4.63%,4.88%,5.17%,
184,TATACAP,DIIs,,,,,,,,,,3.33%,3.60%,3.57%,
185,TATACAP,Public,,,,,,,,,,5.97%,5.43%,5.19%,
186,TATACAP,Others,,,,,,,,,,0.66%,0.66%,0.65%,
187,TATACAP,No. of Shareholders,,,,,,,,,,"14,04,334","12,69,833","12,11,911",
188,TCS,Promoters,72.30%,72.41%,71.77%,71.77%,71.77%,71.77%,71.77%,71.77%,71.77%,71.77%,71.77%,71.77%,
189,TCS,FIIs,12.47%,12.46%,12.70%,12.35%,12.66%,12.68%,12.04%,11.48%,10.33%,10.37%,9.66%,9.07%,
190,TCS,DIIs,10.01%,10.03%,10.61%,11.00%,10.86%,10.86%,11.49%,11.95%,12.64%,12.81%,13.34%,13.41%,
191,TCS,Government,0.05%,0.05%,0.06%,0.06%,0.06%,0.06%,0.06%,0.06%,0.06%,0.06%,0.06%,0.06%,
192,TCS,Public,5.17%,5.03%,4.86%,4.82%,4.66%,4.63%,4.63%,4.77%,5.21%,4.98%,5.16%,5.69%,
193,TCS,No. of Shareholders,"23,67,003","23,36,016","22,03,209","21,81,391","20,93,962","20,75,117","21,15,093","21,64,289","23,88,232","23,32,275","24,50,090","26,05,182",
194,TATACONSUM,Promoters,34.42%,34.42%,33.55%,33.55%,33.84%,33.84%,33.84%,33.84%,33.84%,33.84%,33.83%,33.83%,
195,TATACONSUM,FIIs,25.27%,25.62%,25.46%,24.12%,24.35%,23.23%,21.54%,21.96%,22.06%,21.18%,20.79%,20.08%,
196,TATACONSUM,DIIs,16.87%,17.06%,17.39%,18.69%,18.73%,19.47%,21.96%,22.02%,22.20%,23.46%,24.18%,24.99%,
197,TATACONSUM,Government,0.01%,0.01%,0.01%,0.01%,0.01%,0.01%,0.01%,0.01%,0.01%,0.01%,0.01%,0.02%,
198,TATACONSUM,Public,23.43%,22.90%,23.58%,23.62%,23.06%,23.43%,22.66%,22.15%,21.89%,21.48%,21.16%,21.06%,
199,TATACONSUM,No. of Shareholders,"7,75,405","7,48,375","8,87,335","9,12,690","8,91,271","9,63,475","9,20,960","8,75,784","8,54,766","8,24,162","8,04,698","7,90,683",
200,TMCV,Promoters,,,,,,,,,,42.56%,42.56%,42.56%,
201,TMCV,FIIs,,,,,,,,,,18.29%,19.03%,18.58%,
202,TMCV,DIIs,,,,,,,,,,16.91%,17.58%,18.19%,
203,TMCV,Government,,,,,,,,,,0.31%,0.31%,0.31%,
204,TMCV,Public,,,,,,,,,,21.91%,20.49%,20.34%,
205,TMCV,No. of Shareholders,,,,,,,,,,"61,03,194","57,05,074","55,45,816",
206,TMPV,Promoters,46.38%,46.37%,46.36%,46.36%,42.58%,42.58%,42.58%,42.57%,42.57%,42.56%,42.56%,42.51%,
207,TMPV,FIIs,18.40%,18.62%,19.20%,18.18%,20.54%,18.66%,17.84%,17.17%,17.13%,17.88%,17.29%,17.11%,
208,TMPV,DIIs,17.37%,17.25%,16.01%,15.93%,16.08%,16.54%,16.88%,16.93%,17.03%,15.08%,16.79%,16.97%,
209,TMPV,Government,0.14%,0.14%,0.14%,0.14%,0.29%,0.31%,0.31%,0.31%,0.31%,0.31%,0.31%,0.31%,
210,TMPV,Public,17.70%,17.60%,18.31%,19.39%,20.49%,21.91%,22.39%,23.01%,22.97%,24.14%,23.06%,23.09%,
211,TMPV,No. of Shareholders,"37,73,314","41,84,369","46,16,908","50,98,550","57,27,234","64,62,123","67,28,246","67,52,775","66,55,776","66,73,646","63,78,032","62,15,151",
212,TATAPOWER,Promoters,46.86%,46.86%,46.86%,46.86%,46.86%,46.86%,46.86%,46.86%,46.86%,46.86%,46.86%,46.86%,
213,TATAPOWER,FIIs,10.00%,9.85%,9.44%,9.50%,9.15%,9.45%,9.38%,10.05%,10.19%,10.00%,10.04%,10.03%,
214,TATAPOWER,DIIs,15.68%,16.11%,15.47%,15.49%,16.63%,15.71%,15.87%,15.95%,16.34%,17.20%,17.98%,18.12%,
215,TATAPOWER,Government,0.32%,0.32%,0.33%,0.33%,0.33%,0.33%,0.33%,0.33%,0.33%,0.32%,0.31%,0.31%,
216,TATAPOWER,Public,27.15%,26.87%,27.91%,27.81%,27.02%,27.66%,27.57%,26.82%,26.29%,25.60%,24.81%,24.66%,
217,TATAPOWER,No. of Shareholders,"38,07,725","39,80,328","44,35,226","46,07,351","45,45,438","46,40,371","46,67,439","45,14,496","44,03,557","42,44,116","41,05,019","39,96,318",
218,TATASTEEL,Promoters,33.90%,33.70%,33.19%,33.19%,33.19%,33.19%,33.19%,33.19%,33.19%,33.19%,33.19%,32.94%,
219,TATASTEEL,FIIs,20.31%,20.01%,19.61%,19.68%,19.25%,18.53%,18.29%,17.22%,17.29%,17.49%,18.58%,18.90%,
220,TATASTEEL,DIIs,22.20%,23.15%,23.51%,23.33%,22.67%,23.52%,24.48%,26.07%,26.92%,26.98%,26.67%,26.44%,
221,TATASTEEL,Government,0.16%,0.16%,0.16%,0.18%,0.18%,0.18%,0.18%,0.18%,0.18%,0.18%,0.18%,0.18%,
222,TATASTEEL,Public,23.43%,22.99%,23.52%,23.60%,24.69%,24.55%,23.84%,23.31%,22.42%,22.14%,21.36%,21.52%,
223,TATASTEEL,No. of Shareholders,"38,04,728","39,92,609","47,17,442","52,69,354","59,87,139","61,59,779","60,25,709","58,23,942","55,05,581","53,59,971","52,21,338","51,79,576",
224,TECHM,Promoters,35.13%,35.10%,35.08%,35.04%,35.02%,35.01%,35.00%,34.99%,34.98%,34.97%,34.97%,34.96%,
225,TECHM,FIIs,26.22%,24.58%,24.15%,23.27%,23.67%,24.19%,22.95%,23.28%,20.60%,17.94%,18.59%,18.66%,
226,TECHM,DIIs,27.03%,28.91%,29.42%,30.66%,30.90%,30.73%,32.13%,32.13%,34.64%,37.79%,37.34%,36.92%,
227,TECHM,Government,0.17%,0.17%,0.17%,0.17%,0.17%,0.17%,0.17%,0.17%,0.17%,0.17%,0.17%,0.17%,
228,TECHM,Public,11.44%,11.22%,11.16%,10.84%,10.23%,9.88%,9.74%,9.43%,9.61%,9.14%,8.94%,9.28%,
229,TECHM,No. of Shareholders,"8,85,590","8,67,373","8,48,484","8,26,284","7,74,997","7,61,383","7,61,701","7,48,176","7,66,782","7,39,883","7,38,055","7,44,161",
230,TITAN,Promoters,52.90%,52.90%,52.90%,52.90%,52.90%,52.90%,52.90%,52.90%,52.90%,52.90%,52.90%,52.90%,
231,TITAN,FIIs,19.05%,18.89%,19.01%,18.21%,18.23%,18.11%,17.82%,17.54%,16.11%,15.55%,15.65%,15.39%,
232,TITAN,DIIs,9.87%,10.25%,10.29%,10.68%,11.28%,11.37%,12.01%,12.59%,13.99%,14.83%,14.84%,15.15%,
233,TITAN,Government,0.17%,0.17%,0.17%,0.19%,0.19%,0.19%,0.19%,0.19%,0.19%,0.19%,0.19%,0.19%,
234,TITAN,Public,18.00%,17.77%,17.57%,17.94%,17.33%,17.35%,17.01%,16.69%,16.76%,16.45%,16.34%,16.31%,
235,TITAN,Others,0.00%,0.00%,0.08%,0.08%,0.08%,0.08%,0.08%,0.08%,0.08%,0.08%,0.08%,0.05%,
236,TITAN,No. of Shareholders,"6,99,659","7,10,646","7,49,319","8,80,587","8,24,661","8,75,901","8,55,126","7,92,131","7,95,466","7,49,373","7,35,599","7,33,428",
237,TORNTPHARM,Promoters,,71.25%,71.25%,71.25%,71.25%,68.31%,68.31%,68.31%,68.31%,68.31%,68.31%,68.31%,60.78%
238,TORNTPHARM,FIIs,,14.08%,14.14%,14.22%,14.46%,16.17%,16.31%,16.09%,15.92%,16.13%,16.18%,15.44%,17.97%
239,TORNTPHARM,DIIs,,7.11%,7.15%,7.17%,6.98%,8.25%,8.25%,8.54%,9.17%,9.05%,8.96%,9.73%,12.77%
240,TORNTPHARM,Government,,0.10%,0.10%,0.10%,0.10%,0.10%,0.10%,0.10%,0.10%,0.10%,0.00%,0.10%,0.09%
241,TORNTPHARM,Public,,7.46%,7.34%,7.25%,7.21%,7.17%,7.02%,6.93%,6.47%,6.41%,6.55%,6.42%,8.39%
242,TORNTPHARM,No. of Shareholders,,"69,117","71,154","74,765","79,848","85,035","86,005","81,856","78,226","76,214","83,811","85,776","1,40,599"
243,TRENT,Promoters,37.01%,37.01%,37.01%,37.01%,37.01%,37.01%,37.01%,37.01%,37.01%,37.01%,37.01%,37.01%,
244,TRENT,FIIs,26.17%,25.91%,26.81%,27.87%,26.62%,21.68%,19.65%,18.39%,16.81%,15.62%,15.59%,15.14%,
245,TRENT,DIIs,14.89%,14.82%,13.89%,13.18%,13.39%,15.25%,17.20%,18.42%,19.84%,21.37%,22.19%,23.07%,
246,TRENT,Government,0.00%,0.00%,0.00%,0.00%,0.00%,0.04%,0.04%,0.12%,0.13%,0.13%,0.17%,0.19%,
247,TRENT,Public,21.92%,22.26%,22.29%,21.95%,22.98%,26.01%,26.08%,26.06%,26.18%,25.87%,25.03%,24.57%,
248,TRENT,No. of Shareholders,"1,49,010","1,75,241","2,15,715","2,46,571","2,81,635","3,46,036","4,05,274","4,21,038","4,88,273","5,07,525","5,12,623","5,20,340",
249,ULTRACEMCO,Promoters,59.96%,59.96%,59.96%,59.98%,59.99%,60.00%,59.23%,59.23%,59.23%,59.28%,59.33%,59.33%,
250,ULTRACEMCO,FIIs,16.65%,18.20%,17.74%,18.15%,17.95%,16.98%,15.17%,15.23%,15.33%,14.44%,13.61%,12.36%,
251,ULTRACEMCO,DIIs,15.04%,13.68%,14.14%,13.83%,14.08%,15.15%,16.79%,16.85%,16.65%,17.45%,18.42%,19.69%,
252,ULTRACEMCO,Government,0.05%,0.05%,0.05%,0.05%,0.05%,0.05%,0.05%,0.05%,0.05%,0.05%,0.05%,0.05%,
253,ULTRACEMCO,Public,8.11%,7.95%,7.92%,7.82%,7.75%,7.64%,8.57%,8.48%,8.55%,8.60%,8.41%,8.42%,
254,ULTRACEMCO,Others,0.18%,0.18%,0.17%,0.17%,0.17%,0.19%,0.18%,0.18%,0.20%,0.18%,0.17%,0.17%,
255,ULTRACEMCO,No. of Shareholders,"3,47,904","3,42,422","3,57,627","3,53,565","3,56,405","3,59,710","3,94,462","4,06,118","4,09,266","4,12,518","4,09,350","4,16,693",
256,UNIONBANK,Promoters,76.99%,76.99%,74.76%,74.76%,74.76%,74.76%,74.76%,74.76%,74.76%,74.76%,74.76%,74.76%,
257,UNIONBANK,FIIs,2.89%,3.97%,6.75%,7.37%,6.89%,6.46%,7.11%,7.70%,7.86%,8.14%,9.37%,8.63%,
258,UNIONBANK,DIIs,12.69%,12.28%,12.24%,11.38%,11.22%,11.94%,11.63%,11.93%,11.70%,11.91%,11.51%,11.97%,
259,UNIONBANK,Public,7.42%,6.76%,6.25%,6.50%,7.12%,6.85%,6.50%,5.60%,5.67%,5.21%,4.36%,4.64%,
260,UNIONBANK,No. of Shareholders,"8,65,251","8,74,309","9,14,940","9,84,229","10,19,061","10,22,300","10,41,211","9,61,173","9,55,839","9,20,603","9,07,910","9,15,787",
261,UNITDSPR,Promoters,56.68%,56.68%,56.68%,56.68%,56.68%,56.68%,56.68%,56.68%,56.68%,56.68%,56.68%,56.68%,
262,UNITDSPR,FIIs,16.51%,16.23%,16.68%,15.09%,16.11%,15.93%,14.98%,15.05%,14.38%,14.13%,14.41%,12.89%,
263,UNITDSPR,DIIs,12.32%,12.49%,12.27%,14.00%,13.15%,13.54%,14.59%,14.40%,14.90%,15.36%,15.36%,17.14%,
264,UNITDSPR,Government,0.01%,0.01%,0.01%,0.01%,0.01%,0.01%,0.01%,0.01%,0.01%,0.01%,0.01%,0.01%,
265,UNITDSPR,Public,14.49%,14.60%,14.37%,14.22%,14.04%,13.83%,13.73%,13.88%,14.04%,13.84%,13.54%,13.29%,
266,UNITDSPR,No. of Shareholders,"2,49,741","2,64,583","2,51,095","2,52,121","2,45,558","2,57,769","2,64,995","2,88,900","3,23,938","3,03,746","2,92,661","2,93,859",
267,VBL,Promoters,63.09%,63.09%,62.91%,62.67%,62.67%,60.20%,60.23%,59.82%,59.44%,59.44%,59.43%,59.43%,
268,VBL,FIIs,27.55%,26.58%,25.79%,25.32%,24.18%,25.27%,22.98%,21.86%,21.93%,20.31%,19.51%,19.03%,
269,VBL,DIIs,3.36%,3.58%,4.16%,4.54%,4.97%,7.00%,9.19%,10.52%,11.78%,13.56%,14.35%,15.16%,
270,VBL,Government,0.00%,0.00%,0.00%,0.00%,0.00%,0.00%,0.00%,0.00%,0.00%,0.00%,0.04%,0.05%,
271,VBL,Public,6.01%,6.74%,7.16%,7.46%,8.19%,7.52%,7.59%,7.80%,6.84%,6.69%,6.66%,6.33%,
272,VBL,No. of Shareholders,"3,75,534","4,40,278","4,89,887","5,09,607","6,98,759","7,42,488","8,73,915","9,68,419","9,02,881","8,72,933","8,77,604","8,13,548",
273,VEDL,Promoters,63.71%,63.71%,61.95%,59.31%,56.38%,56.38%,56.38%,56.38%,56.38%,56.38%,56.38%,54.72%,
274,VEDL,FIIs,7.82%,7.74%,8.77%,10.23%,11.45%,12.02%,11.15%,10.60%,11.08%,12.15%,13.93%,15.78%,
275,VEDL,DIIs,10.59%,11.19%,13.15%,14.78%,16.29%,15.49%,16.38%,16.47%,16.25%,15.31%,13.43%,10.83%,
276,VEDL,Government,0.07%,0.07%,0.07%,0.07%,0.07%,0.07%,0.07%,0.06%,0.06%,0.06%,0.06%,0.06%,
277,VEDL,Public,17.74%,17.23%,15.86%,15.41%,15.64%,15.92%,15.89%,16.35%,16.09%,16.05%,16.05%,18.45%,
278,VEDL,Others,0.08%,0.06%,0.18%,0.18%,0.16%,0.11%,0.13%,0.13%,0.13%,0.06%,0.14%,0.16%,
279,VEDL,No. of Shareholders,"19,42,800","19,09,460","17,85,798","17,92,821","18,66,939","19,99,975","20,46,988","20,87,745","20,74,956","20,31,537","21,10,601","26,01,130",
280,WIPRO,Promoters,72.93%,72.90%,72.89%,72.82%,72.80%,72.75%,72.73%,72.67%,72.66%,72.64%,72.62%,72.59%,
281,WIPRO,FIIs,6.47%,6.70%,6.96%,7.12%,7.27%,7.81%,8.35%,8.16%,8.45%,8.22%,8.32%,8.85%,
282,WIPRO,DIIs,8.03%,8.13%,8.28%,8.25%,8.71%,8.20%,7.47%,7.78%,7.86%,8.38%,7.86%,5.22%,
283,WIPRO,Public,12.43%,12.16%,11.76%,11.68%,11.10%,11.12%,11.31%,11.28%,10.89%,10.63%,11.08%,13.21%,
284,WIPRO,Others,0.14%,0.13%,0.11%,0.11%,0.11%,0.11%,0.11%,0.11%,0.11%,0.11%,0.11%,0.12%,
285,WIPRO,No. of Shareholders,"25,93,087","25,21,361","23,97,648","23,69,089","22,36,752","23,58,943","24,31,180","24,61,550","25,15,452","24,42,662","26,03,140","30,41,147",
286,ZYDUSLIFE,Promoters,74.98%,74.98%,74.98%,74.98%,74.98%,74.98%,75.00%,75.00%,75.00%,75.00%,75.00%,75.02%,
287,ZYDUSLIFE,FIIs,4.85%,4.99%,5.72%,5.59%,7.52%,7.53%,7.31%,7.13%,7.34%,7.06%,6.95%,6.89%,
288,ZYDUSLIFE,DIIs,13.01%,12.96%,12.55%,12.56%,10.59%,10.61%,10.95%,11.09%,10.86%,11.08%,11.20%,11.27%,
289,ZYDUSLIFE,Government,0.07%,0.07%,0.07%,0.07%,0.05%,0.05%,0.05%,0.04%,0.00%,0.00%,0.00%,0.00%,
290,ZYDUSLIFE,Public,7.07%,6.99%,6.66%,6.81%,6.85%,6.85%,6.69%,6.74%,6.81%,6.86%,6.86%,6.83%,
291,ZYDUSLIFE,No. of Shareholders,"2,97,953","3,06,495","2,94,324","3,36,309","3,70,863","3,65,356","3,71,619","3,86,127","3,96,105","4,03,266","4,18,314","3,99,251",
292,ABB,Promoters,75.00%,75.00%,75.00%,75.00%,75.00%,75.00%,75.00%,75.00%,75.00%,75.00%,75.00%,75.00%,
293,ABB,FIIs,10.18%,10.72%,11.89%,12.06%,12.28%,11.85%,10.27%,9.25%,8.29%,7.64%,8.19%,7.67%,
294,ABB,DIIs,7.37%,6.92%,5.95%,5.64%,5.42%,5.70%,7.01%,7.66%,8.31%,9.15%,9.28%,9.89%,
295,ABB,Public,7.47%,7.36%,7.15%,7.29%,7.29%,7.45%,7.70%,8.08%,8.39%,8.20%,7.50%,7.44%,
296,ABB,No. of Shareholders,"1,12,399","1,02,093","1,02,557","1,32,505","1,38,259","1,48,890","1,71,077","1,82,397","2,02,400","2,00,657","1,81,528","1,83,577",
297,ADANIENSOL,Promoters,,73.22%,73.22%,74.95%,69.94%,69.94%,69.94%,71.19%,71.19%,71.19%,72.72%,74.71%,73.39%
298,ADANIENSOL,FIIs,,17.49%,17.49%,15.53%,18.66%,17.34%,17.58%,15.85%,13.06%,13.47%,12.23%,10.14%,10.31%
299,ADANIENSOL,DIIs,,3.82%,3.80%,3.97%,5.38%,5.85%,6.33%,6.89%,9.97%,10.14%,10.24%,11.77%,13.05%
300,ADANIENSOL,Public,,5.46%,5.49%,5.54%,6.03%,6.87%,6.16%,6.08%,5.79%,5.20%,4.81%,3.39%,3.26%
301,ADANIENSOL,No. of Shareholders,,"4,76,626","4,78,125","4,93,621","4,50,283","5,49,520","5,27,137","5,00,926","4,89,248","4,37,571","4,03,625","3,85,315","3,76,377"
302,ADANIENT,Promoters,,72.61%,72.61%,74.72%,74.89%,73.97%,73.97%,73.97%,73.97%,73.97%,74.67%,74.84%,71.97%
303,ADANIENT,FIIs,,14.65%,14.41%,11.73%,11.31%,11.72%,11.71%,11.55%,11.72%,11.64%,10.80%,8.77%,10.51%
304,ADANIENT,DIIs,,5.44%,5.77%,6.02%,6.46%,6.61%,6.86%,7.04%,6.84%,6.71%,6.70%,9.34%,10.75%
305,ADANIENT,Public,,7.30%,7.22%,7.53%,7.36%,7.68%,7.45%,7.44%,7.47%,7.66%,7.84%,7.06%,6.78%
306,ADANIENT,No. of Shareholders,,"5,61,309","5,37,342","6,43,975","5,84,928","6,67,210","6,55,946","6,21,739","6,18,413","6,42,614","6,64,882","5,96,414","5,88,595"
307,ADANIGREEN,Promoters,56.26%,56.37%,56.37%,57.51%,60.93%,60.93%,60.93%,61.91%,62.44%,62.44%,62.44%,62.43%,
308,ADANIGREEN,FIIs,18.16%,18.03%,18.15%,16.91%,15.16%,13.68%,12.45%,11.58%,11.29%,11.42%,11.10%,11.84%,
309,ADANIGREEN,DIIs,1.49%,1.50%,1.55%,1.46%,1.45%,1.73%,2.40%,2.86%,2.98%,4.31%,4.56%,4.82%,
310,ADANIGREEN,Public,24.09%,24.10%,23.93%,24.11%,22.45%,23.64%,24.22%,23.64%,23.30%,21.84%,21.92%,20.90%,
311,ADANIGREEN,No. of Shareholders,"6,76,271","6,93,064","6,68,586","7,42,579","6,28,425","9,00,770","9,95,700","9,89,821","9,77,483","9,35,716","9,30,970","7,99,143",
312,ADANIPORTS,Promoters,65.53%,65.89%,65.89%,65.89%,65.89%,65.89%,65.89%,65.89%,65.89%,68.02%,68.02%,66.03%,
313,ADANIPORTS,FIIs,13.83%,14.72%,14.98%,15.19%,15.22%,13.94%,13.43%,13.53%,13.61%,13.10%,13.25%,15.58%,
314,ADANIPORTS,DIIs,13.27%,12.01%,11.84%,12.48%,13.26%,14.20%,14.73%,15.15%,15.03%,13.89%,13.86%,13.60%,
315,ADANIPORTS,Public,7.37%,7.39%,7.30%,6.44%,5.62%,5.96%,5.94%,5.46%,5.48%,4.99%,4.89%,4.79%,
316,ADANIPORTS,No. of Shareholders,"9,44,166","9,70,247","9,91,001","12,74,010","11,86,670","12,53,858","12,62,911","11,85,335","11,66,914","11,22,537","10,95,768","10,72,323",
317,ADANIPOWER,Promoters,70.02%,71.75%,71.75%,72.71%,74.96%,74.96%,74.96%,74.96%,74.96%,74.96%,74.96%,74.96%,
318,ADANIPOWER,FIIs,17.51%,15.86%,15.91%,14.73%,12.66%,12.34%,12.36%,12.46%,11.53%,11.64%,11.73%,11.76%,
319,ADANIPOWER,DIIs,0.76%,1.18%,1.41%,1.42%,1.52%,1.60%,1.64%,1.76%,2.70%,3.41%,3.69%,4.07%,
320,ADANIPOWER,Public,11.72%,11.20%,10.93%,11.14%,10.84%,11.09%,11.03%,10.82%,10.82%,9.99%,9.63%,9.20%,
321,ADANIPOWER,No. of Shareholders,"15,03,347","14,60,767","14,26,249","17,90,384","17,42,783","18,85,684","18,91,234","18,14,142","20,12,647","21,47,981","20,87,011","21,16,256",
322,AMBUJACEM,Promoters,63.19%,63.19%,66.74%,70.33%,67.57%,67.57%,67.57%,67.57%,67.68%,67.68%,67.68%,67.33%,
323,AMBUJACEM,FIIs,11.65%,11.88%,11.09%,9.59%,10.61%,9.14%,8.60%,7.43%,5.91%,5.80%,5.87%,5.63%,
324,AMBUJACEM,DIIs,15.26%,15.56%,14.24%,13.03%,14.98%,16.41%,17.09%,18.49%,19.41%,19.64%,19.86%,19.44%,
325,AMBUJACEM,Government,0.26%,0.26%,0.23%,0.21%,0.21%,0.21%,0.21%,0.21%,0.21%,0.21%,0.21%,0.21%,
326,AMBUJACEM,Public,9.63%,9.10%,7.69%,6.83%,6.64%,6.66%,6.51%,6.30%,6.77%,6.67%,6.36%,7.38%,
327,AMBUJACEM,No. of Shareholders,"5,98,147","5,64,847","5,42,773","6,11,804","6,05,551","6,33,718","6,44,696","6,18,855","6,20,457","6,25,013","6,07,505","6,74,206",
328,APOLLOHOSP,Promoters,29.33%,29.33%,29.33%,29.33%,29.33%,29.33%,29.34%,29.34%,28.02%,28.02%,28.02%,28.02%,
329,APOLLOHOSP,FIIs,46.15%,46.25%,45.63%,43.92%,45.37%,45.27%,42.74%,43.49%,44.20%,43.54%,42.62%,41.49%,
330,APOLLOHOSP,DIIs,18.59%,18.87%,19.55%,21.13%,19.94%,19.97%,22.29%,21.34%,21.12%,21.50%,22.76%,23.72%,
331,APOLLOHOSP,Government,0.23%,0.23%,0.23%,0.23%,0.23%,0.23%,0.23%,0.23%,0.23%,0.23%,0.23%,0.23%,
332,APOLLOHOSP,Public,5.68%,5.32%,5.26%,5.38%,5.12%,5.21%,5.41%,5.61%,6.43%,6.71%,6.39%,6.53%,
333,APOLLOHOSP,No. of Shareholders,"1,31,565","1,19,578","1,30,664","1,27,754","1,19,245","1,27,802","1,34,058","1,41,007","1,60,556","1,78,648","1,74,610","1,74,281",
334,ASIANPAINT,Promoters,52.63%,52.63%,52.63%,52.63%,52.63%,52.63%,52.63%,52.63%,52.63%,52.63%,52.63%,52.63%,
335,ASIANPAINT,FIIs,17.65%,17.32%,15.89%,15.27%,15.28%,13.61%,12.23%,11.85%,11.64%,12.78%,12.11%,13.32%,
336,ASIANPAINT,DIIs,10.01%,10.52%,11.61%,12.30%,13.10%,13.98%,15.51%,20.98%,21.50%,21.08%,21.74%,20.70%,
337,ASIANPAINT,Government,0.05%,0.06%,0.06%,0.06%,0.06%,0.06%,0.06%,0.06%,0.07%,0.07%,0.07%,0.07%,
338,ASIANPAINT,Public,19.64%,19.44%,19.78%,19.68%,18.88%,19.66%,19.51%,14.41%,14.09%,13.37%,13.39%,13.19%,
339,ASIANPAINT,Others,0.04%,0.04%,0.04%,0.06%,0.05%,0.05%,0.05%,0.07%,0.06%,0.06%,0.06%,0.09%,
340,ASIANPAINT,No. of Shareholders,"9,85,216","9,75,319","11,05,326","11,11,601","9,75,807","11,92,876","12,13,836","11,71,145","11,08,404","10,00,999","10,01,799","9,59,219",
341,DMART,Promoters,74.64%,74.64%,74.64%,74.64%,74.64%,74.64%,74.64%,74.65%,74.65%,74.65%,74.51%,74.48%,
342,DMART,FIIs,7.67%,7.96%,8.26%,9.22%,9.95%,8.96%,8.18%,8.25%,8.73%,8.71%,9.00%,9.22%,
343,DMART,DIIs,8.25%,8.45%,8.51%,7.95%,7.43%,8.07%,9.08%,9.22%,9.02%,8.83%,8.77%,8.67%,
344,DMART,Government,0.04%,0.06%,0.06%,0.07%,0.07%,0.07%,0.07%,0.07%,0.07%,0.07%,0.07%,0.07%,
345,DMART,Public,9.41%,8.87%,8.50%,8.09%,7.91%,8.24%,8.04%,7.79%,7.53%,7.75%,7.64%,7.55%,
346,DMART,No. of Shareholders,"8,15,562","7,40,037","6,84,326","6,19,843","5,90,252","7,09,582","6,71,850","6,18,996","5,85,510","5,99,296","5,73,764","5,42,175",
347,AXISBANK,Promoters,8.22%,8.20%,8.22%,8.31%,8.29%,8.23%,8.18%,8.17%,8.16%,8.15%,8.14%,7.87%,
348,AXISBANK,FIIs,53.00%,54.68%,53.84%,53.43%,51.78%,47.32%,43.94%,43.81%,41.89%,42.58%,42.04%,39.91%,
349,AXISBANK,DIIs,29.03%,28.83%,30.12%,31.63%,33.21%,37.48%,40.87%,41.22%,42.87%,42.65%,43.35%,42.69%,
350,AXISBANK,Public,9.76%,8.27%,7.81%,6.63%,6.71%,6.97%,6.99%,6.80%,7.06%,6.61%,6.44%,9.52%,
351,AXISBANK,No. of Shareholders,"7,85,601","7,85,502","7,86,166","7,69,651","8,28,629","8,99,949","9,35,453","8,85,725","9,18,780","8,63,758","8,54,844","8,36,818",
352,BAJAJ-AUTO,Promoters,54.99%,54.95%,55.06%,55.06%,55.04%,55.04%,55.03%,55.04%,55.04%,54.99%,55.01%,55.01%,
353,BAJAJ-AUTO,FIIs,14.37%,14.64%,14.53%,14.19%,14.32%,12.45%,11.61%,10.30%,9.66%,8.84%,8.82%,9.01%,
354,BAJAJ-AUTO,DIIs,9.03%,8.66%,8.47%,8.73%,8.67%,9.98%,10.92%,12.01%,12.78%,14.07%,14.35%,13.42%,
355,BAJAJ-AUTO,Government,0.07%,0.07%,0.08%,0.08%,0.08%,0.08%,0.08%,0.08%,0.00%,0.00%,0.12%,0.12%,
356,BAJAJ-AUTO,Public,21.54%,21.67%,21.88%,21.92%,21.89%,22.44%,22.32%,22.53%,22.51%,22.01%,21.62%,22.44%,
357,BAJAJ-AUTO,Others,0.00%,0.00%,0.00%,0.00%,0.00%,0.00%,0.04%,0.03%,0.01%,0.09%,0.08%,0.00%,
358,BAJAJ-AUTO,No. of Shareholders,"1,96,543","2,00,795","2,97,605","2,74,956","2,69,698","3,47,655","3,44,314","3,58,806","3,57,666","3,33,792","3,14,095","6,78,954",
359,BAJFINANCE,Promoters,55.87%,54.78%,54.69%,54.70%,54.70%,54.70%,54.73%,54.73%,54.67%,54.70%,54.71%,54.68%,
360,BAJFINANCE,FIIs,20.41%,20.92%,20.55%,21.08%,20.81%,20.79%,21.45%,21.71%,21.97%,21.49%,21.33%,20.20%,
361,BAJFINANCE,DIIs,13.05%,14.01%,14.33%,14.23%,15.01%,15.08%,14.78%,14.52%,14.39%,14.86%,15.10%,16.30%,
362,BAJFINANCE,Government,0.07%,0.07%,0.07%,0.09%,0.09%,0.08%,0.08%,0.08%,0.08%,0.08%,0.08%,0.09%,
363,BAJFINANCE,Public,10.50%,10.17%,10.19%,9.83%,9.36%,9.32%,8.84%,8.92%,8.78%,8.77%,8.73%,8.64%,
364,BAJFINANCE,Others,0.10%,0.05%,0.16%,0.08%,0.05%,0.04%,0.10%,0.03%,0.12%,0.10%,0.07%,0.08%,
365,BAJFINANCE,No. of Shareholders,"7,26,583","7,45,040","7,99,199","8,05,241","7,81,913","7,91,392","7,05,610","8,99,777","9,41,999","9,61,994","10,02,945","9,85,158",
366,BAJAJFINSV,Promoters,60.69%,60.69%,60.69%,60.64%,60.64%,60.64%,60.64%,58.81%,58.81%,58.81%,58.72%,58.72%,
367,BAJAJFINSV,FIIs,7.66%,7.91%,8.42%,8.39%,8.24%,7.40%,7.53%,8.40%,8.11%,8.06%,7.23%,6.90%,
368,BAJAJFINSV,DIIs,7.09%,7.48%,7.33%,7.60%,8.13%,8.91%,8.99%,10.09%,10.49%,10.74%,11.76%,12.11%,
369,BAJAJFINSV,Public,24.31%,23.70%,23.38%,23.18%,22.84%,22.93%,22.71%,22.60%,22.52%,22.37%,22.16%,22.23%,
370,BAJAJFINSV,Others,0.25%,0.21%,0.18%,0.19%,0.14%,0.12%,0.10%,0.10%,0.07%,0.02%,0.13%,0.06%,
371,BAJAJFINSV,No. of Shareholders,"6,60,295","5,85,220","5,67,041","7,08,432","8,07,360","7,77,680","7,08,845","6,83,279","6,39,624","6,17,071","6,01,457","5,97,797",
372,BAJAJHLDNG,Promoters,51.46%,51.46%,51.46%,51.46%,51.46%,51.46%,51.46%,51.46%,51.46%,51.46%,51.46%,51.46%,
373,BAJAJHLDNG,FIIs,11.65%,11.57%,11.53%,11.21%,10.89%,10.65%,10.56%,10.31%,10.33%,10.26%,9.62%,9.47%,
374,BAJAJHLDNG,DIIs,5.88%,5.95%,6.09%,6.42%,6.80%,7.12%,7.30%,7.45%,7.31%,7.31%,8.08%,8.26%,
375,BAJAJHLDNG,Public,31.01%,31.01%,30.90%,30.92%,30.82%,30.75%,30.69%,30.78%,30.90%,30.97%,30.85%,30.80%,
376,BAJAJHLDNG,No. of Shareholders,"60,734","61,275","60,774","65,300","65,695","64,338","69,354","72,783","75,884","84,234","83,963","83,499",
377,BANKBARODA,Promoters,63.97%,63.97%,63.97%,63.97%,63.97%,63.97%,63.97%,63.97%,63.97%,63.97%,63.97%,63.97%,
378,BANKBARODA,FIIs,12.39%,12.27%,12.40%,11.45%,9.87%,8.90%,8.98%,8.08%,8.71%,9.84%,9.69%,10.14%,
379,BANKBARODA,DIIs,15.74%,15.75%,16.04%,15.77%,16.35%,17.86%,17.97%,18.79%,18.93%,18.72%,18.92%,18.33%,
380,BANKBARODA,Government,0.26%,0.26%,0.26%,0.26%,0.26%,0.26%,0.26%,0.26%,0.08%,0.08%,0.08%,0.08%,
381,BANKBARODA,Public,7.64%,7.76%,7.32%,8.55%,9.56%,9.01%,8.83%,8.89%,8.30%,7.37%,7.33%,7.47%,
382,BANKBARODA,No. of Shareholders,"12,70,480","12,89,443","13,29,618","14,11,266","17,11,548","16,93,917","16,89,797","16,31,562","15,65,743","14,77,398","14,59,934","14,60,575",
383,BEL,Promoters,51.14%,51.14%,51.14%,51.14%,51.14%,51.14%,51.14%,51.14%,51.14%,51.14%,51.14%,51.14%,
384,BEL,FIIs,17.19%,17.77%,17.56%,17.43%,17.27%,17.34%,17.55%,18.56%,18.14%,18.51%,19.51%,18.02%,
385,BEL,DIIs,24.19%,23.37%,22.63%,20.62%,20.22%,20.94%,20.87%,20.60%,20.88%,20.47%,20.00%,21.02%,
386,BEL,Public,7.49%,7.72%,8.66%,10.82%,11.37%,10.58%,10.43%,9.70%,9.84%,9.87%,9.37%,9.82%,
387,BEL,No. of Shareholders,"9,74,782","10,98,228","13,64,873","25,18,663","27,72,002","26,53,676","26,78,435","25,42,378","24,98,588","25,43,622","25,30,896","26,04,298",
388,BPCL,Promoters,52.98%,52.98%,52.98%,52.98%,52.98%,52.98%,52.98%,52.98%,52.98%,52.98%,52.98%,52.98%,
389,BPCL,FIIs,13.01%,14.21%,16.79%,15.04%,15.39%,14.71%,14.58%,15.45%,16.53%,18.46%,19.57%,16.84%,
390,BPCL,DIIs,22.53%,22.13%,21.30%,21.31%,22.06%,22.27%,22.23%,22.18%,21.31%,19.56%,18.52%,21.07%,
391,BPCL,Government,0.94%,0.94%,0.94%,0.94%,0.94%,0.94%,0.94%,0.94%,0.94%,0.43%,0.43%,0.86%,
392,BPCL,Public,10.21%,9.44%,8.00%,9.73%,8.63%,9.09%,9.26%,8.46%,8.25%,8.58%,8.48%,8.25%,
393,BPCL,Others,0.32%,0.32%,0.00%,0.00%,0.00%,0.00%,0.00%,0.00%,0.00%,0.00%,0.00%,0.00%,
394,BPCL,No. of Shareholders,"8,17,339","7,49,213","7,23,571","10,39,006","10,18,794","11,24,533","11,93,412","11,07,983","10,59,886","9,87,767","10,33,057","10,50,341",
395,BHARTIARTL,Promoters,54.75%,54.57%,53.48%,53.17%,53.14%,53.12%,52.42%,51.26%,50.27%,48.87%,48.87%,50.07%,
396,BHARTIARTL,FIIs,21.87%,22.69%,24.35%,24.62%,25.07%,24.27%,25.41%,26.72%,27.42%,28.75%,27.79%,26.48%,
397,BHARTIARTL,DIIs,19.69%,19.51%,19.20%,19.13%,18.69%,19.52%,19.23%,19.09%,19.40%,19.54%,20.53%,20.64%,
398,BHARTIARTL,Government,0.12%,0.12%,0.12%,0.12%,0.12%,0.12%,0.12%,0.12%,0.12%,0.12%,0.12%,0.12%,
399,BHARTIARTL,Public,3.53%,3.07%,2.80%,2.89%,2.89%,2.91%,2.75%,2.74%,2.72%,2.65%,2.63%,2.64%,
400,BHARTIARTL,Others,0.04%,0.06%,0.05%,0.06%,0.07%,0.07%,0.07%,0.07%,0.05%,0.05%,0.04%,0.04%,
401,BHARTIARTL,No. of Shareholders,"6,85,529","6,77,690","6,94,297","7,62,266","7,84,930","8,36,095","8,33,428","8,28,719","8,48,472","8,52,831","9,01,086","9,24,369",
402,BOSCHLTD,Promoters,70.54%,70.54%,70.54%,70.54%,70.54%,70.54%,70.54%,70.54%,70.54%,70.54%,70.54%,70.54%,
403,BOSCHLTD,FIIs,3.56%,3.68%,4.10%,5.96%,6.19%,6.14%,6.09%,6.18%,7.13%,7.34%,7.22%,7.10%,
404,BOSCHLTD,DIIs,17.04%,17.28%,17.19%,15.80%,15.78%,15.87%,16.00%,15.98%,15.08%,14.90%,15.05%,15.17%,
405,BOSCHLTD,Public,8.86%,8.50%,8.15%,7.71%,7.50%,7.45%,7.36%,7.31%,7.25%,7.22%,7.18%,7.19%,
406,BOSCHLTD,No. of Shareholders,"76,127","65,214","65,376","65,580","65,133","65,532","68,418","67,199","65,227","65,028","66,646","65,497",
407,BRITANNIA,Promoters,50.55%,50.55%,50.55%,50.55%,50.55%,50.55%,50.55%,50.55%,50.55%,50.55%,50.55%,50.55%,
408,BRITANNIA,FIIs,19.66%,18.99%,18.23%,17.41%,17.91%,16.46%,15.72%,15.58%,15.02%,14.88%,15.63%,13.40%,
409,BRITANNIA,DIIs,13.84%,14.84%,15.63%,16.69%,16.37%,17.58%,18.26%,18.65%,19.39%,19.55%,18.82%,20.88%,
410,BRITANNIA,Government,0.00%,0.00%,0.00%,0.00%,0.00%,0.00%,0.00%,0.01%,0.01%,0.03%,0.05%,0.05%,
411,BRITANNIA,Public,15.94%,15.62%,15.57%,15.36%,15.18%,15.41%,15.48%,15.20%,15.03%,14.97%,14.94%,15.13%,
412,BRITANNIA,No. of Shareholders,"2,84,892","2,60,444","2,63,623","2,54,815","2,51,851","2,90,306","2,92,504","2,72,914","2,62,139","2,55,939","2,51,466","2,68,246",
413,CGPOWER,Promoters,58.12%,58.12%,58.11%,58.09%,58.07%,58.06%,58.06%,58.05%,56.37%,56.36%,56.36%,56.36%,
414,CGPOWER,FIIs,16.74%,16.05%,15.18%,14.64%,14.58%,14.30%,12.97%,12.69%,13.02%,12.02%,12.03%,11.97%,
415,CGPOWER,DIIs,7.83%,9.15%,10.09%,11.07%,11.43%,11.91%,13.58%,14.22%,16.26%,17.52%,18.01%,18.23%,
416,CGPOWER,Government,0.00%,0.00%,0.00%,0.00%,0.00%,0.00%,0.00%,0.00%,0.00%,0.04%,0.07%,0.07%,
417,CGPOWER,Public,17.31%,16.69%,16.61%,16.19%,15.92%,15.73%,15.39%,15.02%,14.35%,14.05%,13.53%,13.37%,
418,CGPOWER,No. of Shareholders,"1,84,064","2,00,497","2,58,587","3,41,820","4,21,250","4,70,500","4,94,916","4,92,418","5,47,043","5,35,803","5,21,349","5,33,530",
419,CANBK,Promoters,62.93%,62.93%,62.93%,62.93%,62.93%,62.93%,62.93%,62.93%,62.93%,62.93%,62.93%,62.93%,
420,CANBK,FIIs,10.19%,11.21%,10.57%,11.91%,11.26%,11.10%,10.54%,11.38%,11.89%,14.61%,14.24%,12.68%,
421,CANBK,DIIs,14.91%,14.29%,14.39%,11.19%,11.65%,11.71%,11.85%,11.41%,12.23%,10.47%,10.91%,11.91%,
422,CANBK,Public,11.96%,11.55%,12.10%,13.94%,14.17%,14.24%,14.67%,14.27%,12.92%,11.98%,11.93%,12.48%,
423,CANBK,No. of Shareholders,"6,38,401","6,44,770","7,59,083","11,93,267","16,39,363","17,48,708","17,99,432","16,99,715","16,14,081","15,30,698","15,02,130","15,21,088",
424,CHOLAFIN,Promoters,51.43%,50.37%,50.35%,50.33%,50.24%,49.93%,49.92%,49.90%,49.88%,49.72%,49.25%,49.23%,
425,CHOLAFIN,FIIs,21.51%,24.73%,26.00%,26.63%,27.17%,27.43%,28.23%,27.96%,26.85%,26.56%,24.87%,24.46%,
426,CHOLAFIN,DIIs,20.04%,18.39%,17.05%,16.86%,16.58%,16.10%,15.49%,16.05%,17.27%,17.54%,19.91%,20.62%,
427,CHOLAFIN,Public,7.03%,6.51%,6.61%,6.19%,6.02%,6.56%,6.36%,6.07%,6.00%,6.16%,5.95%,5.70%,
428,CHOLAFIN,No. of Shareholders,"1,46,815","1,40,636","1,55,055","1,43,097","1,46,889","1,76,231","1,78,471","1,83,933","1,65,068","1,70,050","1,60,428","1,51,219",
429,CIPLA,Promoters,33.46%,33.46%,33.46%,30.91%,30.93%,29.19%,29.20%,29.19%,29.22%,29.22%,29.22%,29.22%,
430,CIPLA,FIIs,25.74%,25.73%,25.82%,27.82%,28.80%,26.65%,26.28%,25.24%,24.54%,23.93%,22.55%,20.20%,
431,CIPLA,DIIs,23.90%,24.05%,24.15%,24.66%,23.95%,27.49%,27.89%,28.98%,29.98%,30.45%,31.71%,34.35%,
432,CIPLA,Government,0.21%,0.21%,0.21%,0.21%,0.21%,0.23%,0.26%,0.27%,0.27%,0.27%,0.27%,0.28%,
433,CIPLA,Public,16.68%,16.53%,16.36%,16.40%,16.11%,16.43%,16.36%,16.30%,15.99%,16.12%,16.26%,15.93%,
434,CIPLA,No. of Shareholders,"4,26,863","4,25,731","4,36,154","4,63,569","4,70,234","5,25,114","5,43,420","5,49,655","5,34,587","5,40,521","5,84,217","5,78,679",
435,COALINDIA,Promoters,63.13%,63.13%,63.13%,63.13%,63.13%,63.13%,63.13%,63.13%,63.13%,63.13%,63.13%,61.13%,
436,COALINDIA,FIIs,7.80%,8.59%,8.41%,8.39%,9.16%,8.58%,7.74%,8.16%,7.96%,8.22%,8.38%,10.37%,
437,COALINDIA,DIIs,24.07%,23.06%,23.18%,23.15%,22.56%,22.59%,23.35%,22.66%,22.80%,22.53%,22.76%,22.20%,
438,COALINDIA,Government,0.10%,0.10%,0.11%,0.11%,0.11%,0.11%,0.11%,0.12%,0.12%,0.13%,0.10%,0.10%,
439,COALINDIA,Public,4.91%,5.10%,5.16%,5.21%,5.02%,5.59%,5.68%,5.93%,5.98%,5.98%,5.62%,6.18%,
440,COALINDIA,No. of Shareholders,"13,17,699","13,80,104","15,75,608","17,49,437","19,95,555","22,23,442","22,79,035","23,07,450","23,22,686","27,95,663","26,32,588","25,51,169",
441,CUMMINSIND,Promoters,51.00%,51.00%,51.00%,51.00%,51.00%,51.00%,51.00%,51.00%,51.00%,51.00%,51.00%,51.00%,
442,CUMMINSIND,FIIs,16.45%,16.51%,17.36%,17.95%,17.50%,18.09%,17.21%,17.50%,18.35%,19.42%,20.77%,21.19%,
443,CUMMINSIND,DIIs,21.97%,23.36%,22.86%,22.24%,22.50%,21.80%,22.84%,22.53%,21.73%,20.60%,19.43%,19.06%,
444,CUMMINSIND,Government,0.20%,0.20%,0.14%,0.14%,0.11%,0.10%,0.10%,0.10%,0.10%,0.10%,0.10%,0.10%,
445,CUMMINSIND,Public,10.36%,8.93%,8.63%,8.66%,8.89%,9.00%,8.85%,8.86%,8.82%,8.87%,8.68%,8.65%,
446,CUMMINSIND,No. of Shareholders,"1,28,971","1,17,905","1,20,043","1,50,097","1,64,943","1,77,228","1,62,496","1,59,665","1,60,027","1,66,210","1,61,993","1,73,450",
447,DLF,Promoters,74.08%,74.08%,74.08%,74.08%,74.08%,74.08%,74.08%,74.08%,74.08%,74.08%,74.08%,74.08%,
448,DLF,FIIs,15.89%,15.75%,16.53%,16.17%,16.66%,16.37%,16.27%,15.98%,15.46%,14.82%,13.54%,12.31%,
449,DLF,DIIs,5.27%,5.47%,4.77%,4.81%,4.66%,4.87%,4.72%,5.01%,5.21%,5.78%,6.94%,8.03%,
450,DLF,Government,0.00%,0.00%,0.00%,0.00%,0.00%,0.00%,0.00%,0.00%,0.00%,0.00%,0.00%,0.01%,
451,DLF,Public,4.76%,4.72%,4.62%,4.95%,4.62%,4.69%,4.93%,4.93%,5.25%,5.34%,5.43%,5.56%,
452,DLF,No. of Shareholders,"3,95,845","4,04,832","4,26,253","4,66,987","4,39,141","4,58,323","4,92,116","4,83,029","5,00,928","4,92,129","5,06,572","5,00,743",
453,DIVISLAB,Promoters,51.93%,51.92%,51.92%,51.89%,51.89%,51.89%,51.89%,51.88%,51.88%,51.88%,51.88%,51.88%,
454,DIVISLAB,FIIs,14.60%,14.85%,14.68%,16.16%,17.25%,17.98%,18.01%,19.74%,19.39%,20.08%,20.29%,20.19%,
455,DIVISLAB,DIIs,21.65%,21.78%,22.10%,21.66%,20.98%,20.44%,20.63%,18.96%,19.68%,19.18%,19.13%,19.29%,
456,DIVISLAB,Government,0.10%,0.10%,0.10%,0.10%,0.09%,0.09%,0.09%,0.09%,0.09%,0.09%,0.09%,0.09%,
457,DIVISLAB,Public,11.72%,11.33%,11.19%,10.17%,9.79%,9.58%,9.39%,9.32%,8.96%,8.75%,8.61%,8.53%,
458,DIVISLAB,No. of Shareholders,"3,73,860","3,54,482","3,47,629","2,98,310","2,78,899","2,80,601","2,67,755","2,59,825","2,49,634","2,33,844","2,28,006","2,26,324",
459,DRREDDY,Promoters,26.66%,26.65%,26.65%,26.65%,26.64%,26.64%,26.64%,26.64%,26.64%,26.64%,26.63%,26.63%,
460,DRREDDY,FIIs,28.19%,28.62%,29.13%,27.68%,27.53%,26.85%,25.75%,25.33%,24.69%,22.34%,21.14%,20.67%,
461,DRREDDY,DIIs,21.04%,18.65%,18.31%,20.72%,21.48%,22.89%,25.63%,26.73%,27.99%,30.44%,30.72%,31.75%,
462,DRREDDY,Public,23.93%,25.89%,25.73%,24.78%,24.20%,23.46%,21.69%,21.04%,20.45%,20.33%,21.27%,20.76%,
463,DRREDDY,Others,0.18%,0.18%,0.17%,0.17%,0.16%,0.16%,0.29%,0.26%,0.25%,0.25%,0.24%,0.20%,
464,DRREDDY,No. of Shareholders,"2,43,445","2,57,794","2,55,500","2,67,694","3,10,403","4,03,669","4,59,605","4,51,929","4,49,216","4,55,243","4,49,665","4,46,086",
465,EICHERMOT,Promoters,49.15%,49.15%,49.14%,49.11%,49.10%,49.09%,49.08%,49.07%,49.06%,49.06%,49.06%,49.03%,
466,EICHERMOT,FIIs,28.89%,30.27%,28.95%,28.81%,27.61%,25.42%,25.02%,25.82%,26.98%,27.01%,26.77%,25.52%,
467,EICHERMOT,DIIs,10.48%,9.73%,11.04%,11.84%,13.67%,16.11%,16.55%,15.67%,14.62%,14.64%,14.73%,15.97%,
468,EICHERMOT,Government,0.10%,0.10%,0.10%,0.10%,0.10%,0.10%,0.10%,0.10%,0.10%,0.10%,0.10%,0.10%,
469,EICHERMOT,Public,11.37%,10.76%,10.77%,10.14%,9.52%,9.30%,9.26%,9.35%,9.25%,9.19%,9.35%,9.40%,
470,EICHERMOT,No. of Shareholders,"2,80,530","2,48,486","2,63,132","2,56,978","2,47,951","2,46,190","2,49,483","2,54,118","2,52,901","2,60,429","2,80,399","2,83,648",
471,ETERNAL,FIIs,54.72%,54.88%,55.11%,54.11%,52.53%,47.31%,44.36%,42.34%,39.04%,36.24%,32.61%,29.09%,
472,ETERNAL,DIIs,13.04%,15.47%,15.28%,15.79%,17.32%,20.51%,23.47%,26.49%,30.04%,32.61%,35.88%,39.21%,
473,ETERNAL,Government,0.00%,0.00%,0.00%,0.00%,0.00%,0.03%,0.10%,0.10%,0.10%,0.10%,0.10%,0.11%,
474,ETERNAL,Public,30.42%,27.98%,28.05%,28.64%,28.86%,26.09%,26.08%,25.17%,25.12%,25.47%,26.68%,26.99%,
475,ETERNAL,Others,1.82%,1.66%,1.58%,1.45%,1.27%,6.07%,5.98%,5.91%,5.71%,5.58%,4.73%,4.61%,
476,ETERNAL,No. of Shareholders,"17,08,100","17,27,996","19,16,416","21,40,942","23,56,308","25,20,804","27,91,930","24,99,813","22,68,441","22,71,175","23,04,885","22,95,671",
477,GAIL,Promoters,51.91%,51.90%,51.90%,51.92%,51.92%,51.90%,51.88%,51.88%,51.88%,51.88%,51.88%,51.79%,
478,GAIL,FIIs,14.76%,14.24%,14.17%,15.20%,16.79%,16.05%,14.79%,14.91%,13.72%,14.07%,13.04%,15.00%,
479,GAIL,DIIs,19.14%,19.37%,19.56%,18.13%,16.92%,17.59%,19.02%,18.93%,19.88%,19.76%,20.50%,19.09%,
480,GAIL,Government,7.91%,7.92%,7.63%,7.63%,7.62%,7.61%,7.61%,7.61%,7.61%,7.61%,7.61%,7.59%,
481,GAIL,Public,6.30%,6.58%,6.75%,7.14%,6.76%,6.84%,6.68%,6.66%,6.92%,6.69%,6.98%,6.52%,
482,GAIL,No. of Shareholders,"9,45,498","10,11,145","12,27,209","15,17,622","15,50,416","16,02,028","16,71,482","16,38,227","16,32,187","15,88,210","16,17,716","15,66,827",
483,GODREJCP,Promoters,63.21%,63.21%,63.21%,63.01%,63.00%,53.04%,53.07%,53.07%,53.07%,53.06%,53.06%,53.06%,
484,GODREJCP,FIIs,23.51%,22.94%,22.56%,22.42%,22.03%,20.68%,19.54%,19.35%,18.23%,15.41%,13.94%,12.33%,
485,GODREJCP,DIIs,7.65%,8.38%,8.94%,9.30%,9.61%,11.03%,12.19%,12.40%,13.58%,16.49%,18.00%,19.58%,
486,GODREJCP,Public,5.62%,5.44%,5.27%,5.26%,5.36%,15.25%,15.20%,15.18%,15.11%,15.06%,14.99%,15.03%,
487,GODREJCP,No. of Shareholders,"1,98,741","1,87,088","1,87,692","1,89,749","1,92,421","2,25,182","2,35,621","2,28,652","2,27,505","2,19,727","2,13,565","2,12,717",
488,GRASIM,Promoters,42.75%,42.75%,43.05%,43.05%,43.11%,43.11%,43.11%,43.11%,43.11%,43.21%,43.73%,43.73%,
489,GRASIM,FIIs,12.17%,12.52%,12.70%,13.69%,13.78%,13.50%,13.45%,13.79%,14.37%,14.49%,14.91%,14.63%,
490,GRASIM,DIIs,16.90%,16.70%,16.69%,16.66%,17.75%,17.90%,18.24%,17.91%,17.27%,16.99%,16.28%,16.13%,
491,GRASIM,Public,27.80%,27.69%,27.24%,26.29%,25.04%,25.17%,24.87%,24.87%,24.92%,24.93%,24.75%,25.15%,
492,GRASIM,Others,0.35%,0.33%,0.31%,0.30%,0.31%,0.31%,0.30%,0.30%,0.31%,0.36%,0.34%,0.34%,
493,GRASIM,No. of Shareholders,"2,39,780","2,34,446","2,52,317","2,53,671","2,65,202","2,58,955","2,55,169","2,47,628","2,44,718","2,38,208","2,44,870","2,41,017",
494,HCLTECH,Promoters,60.82%,60.82%,60.82%,60.82%,60.82%,60.82%,60.82%,60.82%,60.82%,60.82%,60.86%,60.88%,
495,HCLTECH,FIIs,18.80%,19.42%,19.65%,18.45%,18.67%,19.38%,19.15%,18.56%,16.64%,16.21%,15.51%,14.90%,
496,HCLTECH,DIIs,15.62%,15.12%,14.95%,15.77%,15.78%,15.21%,15.44%,16.17%,17.80%,18.37%,18.95%,18.75%,
497,HCLTECH,Government,0.02%,0.02%,0.02%,0.02%,0.02%,0.04%,0.04%,0.04%,0.04%,0.04%,0.04%,0.04%,
498,HCLTECH,Public,4.54%,4.40%,4.35%,4.65%,4.53%,4.42%,4.37%,4.24%,4.41%,4.26%,4.36%,5.14%,
499,HCLTECH,Others,0.21%,0.21%,0.21%,0.28%,0.18%,0.13%,0.18%,0.16%,0.30%,0.30%,0.29%,0.29%,
500,HCLTECH,No. of Shareholders,"8,79,120","8,52,902","8,55,960","9,50,147","8,75,164","8,68,735","8,80,722","8,85,835","9,29,235","8,82,505","8,77,717","10,23,551",
501,HDFCAMC,Promoters,52.55%,52.55%,52.55%,52.52%,52.51%,52.48%,52.47%,52.44%,52.42%,52.38%,52.37%,52.34%,
502,HDFCAMC,FIIs,16.12%,17.99%,20.01%,20.60%,21.55%,21.32%,20.51%,21.97%,24.69%,23.99%,24.45%,24.10%,
503,HDFCAMC,DIIs,20.66%,19.50%,18.37%,17.67%,16.92%,17.04%,18.01%,16.66%,14.13%,14.90%,14.42%,14.76%,
504,HDFCAMC,Public,10.67%,9.96%,9.06%,9.20%,9.01%,9.15%,8.99%,8.92%,8.74%,8.73%,8.75%,8.79%,
505,HDFCAMC,No. of Shareholders,"4,97,961","4,57,910","4,36,183","4,32,584","4,26,681","4,36,623","4,33,737","4,26,484","4,32,251","4,32,820","4,35,815","4,32,914",
506,HDFCBANK,FIIs,52.13%,52.31%,47.83%,47.17%,48.02%,49.21%,48.30%,48.84%,48.38%,47.67%,44.05%,41.82%,
507,HDFCBANK,DIIs,30.39%,30.54%,33.33%,35.20%,35.05%,34.37%,35.68%,35.77%,36.07%,37.00%,40.14%,41.75%,
508,HDFCBANK,Government,0.17%,0.17%,0.18%,0.18%,0.18%,0.18%,0.18%,0.18%,0.18%,0.18%,0.18%,0.18%,
509,HDFCBANK,Public,17.30%,16.98%,18.64%,17.44%,16.75%,16.23%,15.84%,15.19%,15.33%,15.11%,15.64%,16.27%,
510,HDFCBANK,No. of Shareholders,"30,58,659","30,18,247","41,21,815","36,64,325","39,21,910","39,24,442","38,29,146","37,25,911","37,01,272","36,50,087","42,30,425","45,32,753",
511,HDFCLIFE,Promoters,50.39%,50.37%,50.37%,50.37%,50.34%,50.32%,50.32%,50.28%,50.25%,50.21%,50.21%,50.54%,
512,HDFCLIFE,FIIs,30.53%,31.28%,30.03%,26.63%,25.63%,25.14%,24.96%,24.75%,24.82%,24.27%,22.52%,19.27%,
513,HDFCLIFE,DIIs,6.87%,6.56%,7.93%,11.24%,13.25%,13.72%,14.10%,14.57%,14.59%,15.23%,17.25%,20.19%,
514,HDFCLIFE,Public,12.18%,11.76%,11.64%,11.74%,10.75%,10.76%,10.60%,10.37%,10.32%,10.25%,10.00%,9.98%,
515,HDFCLIFE,Others,0.03%,0.03%,0.03%,0.03%,0.03%,0.03%,0.03%,0.03%,0.03%,0.03%,0.03%,0.02%,
516,HDFCLIFE,No. of Shareholders,"8,75,877","8,44,728","8,58,844","8,92,355","7,83,844","7,91,447","7,71,949","7,38,630","7,26,959","7,07,141","6,91,649","7,05,326",
517,HINDALCO,Promoters,34.65%,34.65%,34.65%,34.65%,34.65%,34.65%,34.65%,34.65%,34.65%,34.65%,34.65%,34.67%,
518,HINDALCO,FIIs,27.01%,27.89%,26.82%,27.18%,28.58%,28.04%,28.15%,27.60%,28.13%,28.16%,29.96%,31.41%,
519,HINDALCO,DIIs,25.78%,25.06%,25.64%,25.41%,24.17%,24.53%,24.68%,24.93%,24.11%,23.17%,21.35%,19.82%,
520,HINDALCO,Government,0.22%,0.35%,0.35%,0.35%,0.35%,0.35%,0.35%,0.35%,0.35%,0.35%,0.35%,0.35%,
521,HINDALCO,Public,11.92%,11.59%,12.08%,11.98%,11.78%,11.99%,11.71%,12.01%,12.23%,13.16%,13.21%,13.26%,
522,HINDALCO,Others,0.42%,0.47%,0.46%,0.44%,0.50%,0.48%,0.47%,0.45%,0.54%,0.51%,0.49%,0.47%,
523,HINDALCO,No. of Shareholders,"6,13,244","5,49,231","6,41,541","6,49,551","6,45,537","6,94,836","6,81,098","6,90,932","6,65,009","6,79,190","6,91,308","6,99,601",
524,HAL,Promoters,71.64%,71.64%,71.64%,71.64%,71.64%,71.64%,71.64%,71.64%,71.64%,71.64%,71.64%,71.64%,
525,HAL,FIIs,12.63%,12.93%,12.42%,11.68%,11.85%,12.26%,12.08%,11.90%,12.00%,10.86%,10.21%,9.34%,
526,HAL,DIIs,9.72%,9.13%,9.58%,8.81%,8.37%,8.13%,8.26%,8.67%,8.64%,9.68%,10.43%,11.90%,
527,HAL,Government,0.00%,0.00%,0.00%,0.00%,0.00%,0.03%,0.04%,0.05%,0.07%,0.07%,0.07%,0.07%,
528,HAL,Public,6.02%,6.28%,6.36%,7.86%,8.13%,7.95%,7.97%,7.72%,7.64%,7.77%,7.66%,7.03%,
529,HAL,No. of Shareholders,"4,91,969","6,19,151","7,14,091","11,16,204","12,72,495","12,75,632","13,52,377","13,02,820","12,77,749","12,64,058","12,91,771","12,11,981",
530,HINDUNILVR,Promoters,61.90%,61.90%,61.90%,61.90%,61.90%,61.90%,61.90%,61.90%,61.90%,61.90%,61.90%,61.90%,
531,HINDUNILVR,FIIs,13.90%,13.65%,12.67%,11.87%,12.17%,11.43%,10.62%,10.18%,10.79%,10.71%,10.10%,9.50%,
532,HINDUNILVR,DIIs,11.90%,12.31%,13.21%,14.09%,14.13%,14.67%,15.48%,15.99%,15.62%,15.68%,16.33%,16.92%,
533,HINDUNILVR,Government,0.04%,0.04%,0.04%,0.05%,0.05%,0.06%,0.07%,0.07%,0.07%,0.07%,0.07%,0.07%,
534,HINDUNILVR,Public,12.26%,12.11%,12.19%,12.11%,11.75%,11.94%,11.93%,11.86%,11.62%,11.64%,11.60%,11.60%,
535,HINDUNILVR,No. of Shareholders,"11,76,411","11,32,965","12,05,416","12,10,989","11,05,254","12,18,001","12,33,438","11,67,945","10,95,447","11,12,713","11,06,831","11,15,507",
536,HINDZINC,Promoters,64.92%,64.92%,64.92%,64.92%,63.42%,63.42%,63.42%,61.84%,61.84%,61.84%,60.71%,60.71%,
537,HINDZINC,FIIs,0.75%,0.69%,0.60%,0.74%,1.01%,1.38%,1.43%,1.36%,1.32%,1.54%,2.39%,2.20%,
538,HINDZINC,DIIs,2.98%,2.97%,2.98%,3.01%,3.12%,4.12%,4.14%,4.81%,4.92%,4.68%,4.84%,4.96%,
539,HINDZINC,Government,29.54%,29.54%,29.54%,29.54%,29.54%,27.92%,27.92%,27.92%,27.92%,27.92%,27.92%,27.92%,
540,HINDZINC,Public,1.81%,1.88%,1.97%,1.78%,2.92%,3.16%,3.10%,4.07%,4.00%,4.01%,4.12%,4.21%,
541,HINDZINC,No. of Shareholders,"3,75,833","4,01,985","4,22,072","4,45,929","6,24,025","6,94,430","7,12,884","8,19,883","7,99,768","7,93,882","8,97,257","9,18,245",
542,HYUNDAI,Promoters,,,,,,82.50%,82.50%,82.50%,82.50%,82.50%,82.50%,82.50%,
543,HYUNDAI,FIIs,,,,,,6.70%,7.17%,7.08%,7.34%,6.43%,5.43%,3.28%,
544,HYUNDAI,DIIs,,,,,,7.13%,7.00%,7.75%,7.73%,8.59%,9.71%,11.65%,
545,HYUNDAI,Government,,,,,,0.00%,0.00%,0.00%,0.00%,0.00%,0.00%,0.04%,
546,HYUNDAI,Public,,,,,,3.67%,3.32%,2.66%,2.42%,2.48%,2.37%,2.53%,
547,HYUNDAI,No. of Shareholders,,,,,,"12,62,367","11,51,436","9,26,594","8,15,655","8,08,360","7,68,407","7,69,187",
548,ICICIBANK,FIIs,44.39%,43.65%,44.77%,45.48%,46.22%,45.70%,45.83%,46.77%,45.56%,43.87%,34.48%,33.79%,
549,ICICIBANK,DIIs,45.27%,46.00%,45.10%,44.45%,44.17%,44.95%,44.77%,43.91%,45.06%,46.74%,39.94%,42.32%,
550,ICICIBANK,Government,0.26%,0.27%,0.28%,0.28%,0.27%,0.27%,0.27%,0.27%,0.27%,0.27%,0.22%,0.22%,
551,ICICIBANK,Public,10.09%,10.09%,9.84%,9.79%,9.34%,9.08%,9.12%,9.06%,9.11%,9.13%,25.36%,23.68%,
552,ICICIBANK,No. of Shareholders,"17,90,879","18,02,207","17,85,572","18,03,051","18,12,907","18,45,311","19,02,503","18,75,924","20,20,382","21,39,595","20,82,901","21,04,810",
553,ITC,FIIs,43.34%,43.26%,40.95%,40.47%,40.53%,40.17%,39.87%,37.98%,37.39%,36.11%,34.83%,34.23%,
554,ITC,DIIs,41.94%,41.98%,43.76%,44.02%,44.59%,44.91%,45.19%,46.91%,47.41%,48.90%,49.15%,49.13%,
555,ITC,Government,0.04%,0.04%,0.04%,0.04%,0.04%,0.04%,0.04%,0.04%,0.04%,0.04%,0.04%,0.04%,
556,ITC,Public,14.68%,14.71%,15.23%,15.47%,14.83%,14.88%,14.90%,15.07%,15.16%,14.95%,15.96%,16.61%,
557,ITC,No. of Shareholders,"32,74,360","33,35,815","36,48,537","37,56,541","35,68,560","37,10,169","36,47,886","36,48,989","36,66,407","36,08,157","40,41,653","41,52,430",
558,INDHOTEL,Promoters,38.19%,38.12%,38.12%,38.12%,38.12%,38.12%,38.12%,38.12%,38.12%,38.12%,38.12%,38.12%,
559,INDHOTEL,FIIs,22.17%,23.28%,24.47%,27.19%,27.44%,27.78%,26.96%,27.18%,26.14%,25.09%,23.23%,21.71%,
560,INDHOTEL,DIIs,23.13%,22.19%,20.65%,18.29%,18.67%,18.44%,19.05%,18.39%,19.40%,20.66%,22.58%,24.47%,
561,INDHOTEL,Government,0.14%,0.14%,0.14%,0.14%,0.14%,0.14%,0.14%,0.13%,0.13%,0.13%,0.13%,0.13%,
562,INDHOTEL,Public,16.38%,16.27%,16.63%,16.26%,15.65%,15.54%,15.74%,16.18%,16.20%,16.00%,15.95%,15.59%,
563,INDHOTEL,No. of Shareholders,"4,83,961","4,85,609","5,35,253","5,56,019","5,48,188","5,71,567","5,96,383","6,17,489","6,23,969","6,33,361","6,46,147","6,38,645",
564,IOC,Promoters,51.50%,51.50%,51.50%,51.50%,51.50%,51.50%,51.50%,51.50%,51.50%,51.50%,51.50%,51.50%,
565,IOC,FIIs,7.84%,8.84%,8.49%,7.79%,7.90%,7.43%,7.39%,7.48%,7.69%,8.57%,9.84%,9.08%,
566,IOC,DIIs,10.70%,9.90%,10.23%,10.04%,10.43%,10.08%,9.97%,10.29%,10.42%,10.00%,9.10%,9.52%,
567,IOC,Government,19.60%,19.60%,19.57%,19.57%,19.57%,19.57%,19.57%,19.57%,19.57%,19.57%,19.57%,19.57%,
568,IOC,Public,10.36%,10.13%,10.18%,11.07%,10.59%,11.39%,11.57%,11.15%,10.81%,10.34%,9.96%,10.32%,
569,IOC,No. of Shareholders,"19,72,340","20,65,514","24,28,561","27,29,165","27,81,746","30,82,717","31,89,614","30,80,100","29,75,614","28,15,980","27,89,940","28,59,833",
570,IRFC,Promoters,86.36%,86.36%,86.36%,86.36%,86.36%,86.36%,86.36%,86.36%,86.36%,86.36%,84.65%,82.90%,
571,IRFC,FIIs,1.14%,1.15%,1.08%,1.11%,1.09%,1.01%,0.98%,0.93%,0.97%,0.98%,1.16%,1.17%,
572,IRFC,DIIs,1.63%,1.15%,0.89%,1.08%,1.08%,1.24%,1.34%,1.45%,1.48%,1.54%,2.89%,3.98%,
573,IRFC,Public,10.88%,11.34%,11.68%,11.45%,11.48%,11.40%,11.32%,11.24%,11.17%,11.10%,11.29%,11.94%,
574,IRFC,No. of Shareholders,"27,03,000","32,51,993","45,26,341","51,08,893","55,00,054","55,40,767","56,35,775","54,51,172","53,17,981","51,69,331","51,13,569","50,86,488",
575,INFY,Promoters,14.89%,14.78%,14.71%,14.61%,14.43%,14.43%,14.60%,14.61%,14.30%,14.52%,14.38%,13.82%,
576,INFY,FIIs,33.60%,33.70%,34.11%,32.74%,33.28%,33.30%,32.89%,31.92%,30.08%,30.27%,28.45%,27.09%,
577,INFY,DIIs,35.19%,35.51%,35.62%,37.28%,37.81%,38.19%,38.32%,39.39%,41.46%,41.08%,43.19%,42.78%,
578,INFY,Government,0.19%,0.20%,0.21%,0.21%,0.20%,0.20%,0.21%,0.21%,0.20%,0.20%,0.20%,0.20%,
579,INFY,Public,15.83%,15.52%,15.06%,14.91%,14.01%,13.62%,13.72%,13.62%,13.70%,13.69%,13.54%,15.88%,
580,INFY,Others,0.31%,0.30%,0.29%,0.27%,0.27%,0.27%,0.26%,0.25%,0.24%,0.24%,0.23%,0.21%,
581,INFY,No. of Shareholders,"30,09,448","28,97,030","27,73,406","28,20,740","25,76,991","25,42,766","25,46,234","25,79,164","27,19,353","26,31,803","27,48,596","29,58,297",
